Source	Target	num	rate
Acinetobacter_albensis	PT_11621	1	1
Acinetobacter_albensis	PT_3874	1	1
Acinetobacter_albensis	PT_7714	1	1
Acinetobacter_albensis	PT_997	1	1
Acinetobacter_baumannii	PT_10	81	0.014050304
Acinetobacter_baumannii	PT_100	82	0.014223764
Acinetobacter_baumannii	PT_10024	9	0.001561145
Acinetobacter_baumannii	PT_10039	80	0.013876843
Acinetobacter_baumannii	PT_10059	69	0.011968777
Acinetobacter_baumannii	PT_10083	3	0.000520382
Acinetobacter_baumannii	PT_10123	2	0.000346921
Acinetobacter_baumannii	PT_10124	160	0.027753686
Acinetobacter_baumannii	PT_10125	80	0.013876843
Acinetobacter_baumannii	PT_10128	1	0.000173461
Acinetobacter_baumannii	PT_10189	10	0.001734605
Acinetobacter_baumannii	PT_10202	2	0.000346921
Acinetobacter_baumannii	PT_1021	1	0.000173461
Acinetobacter_baumannii	PT_10226	58	0.010060711
Acinetobacter_baumannii	PT_10257	1	0.000173461
Acinetobacter_baumannii	PT_10264	1	0.000173461
Acinetobacter_baumannii	PT_10272	1	0.000173461
Acinetobacter_baumannii	PT_10273	1	0.000173461
Acinetobacter_baumannii	PT_10279	3	0.000520382
Acinetobacter_baumannii	PT_10280	1	0.000173461
Acinetobacter_baumannii	PT_10298	186	0.03226366
Acinetobacter_baumannii	PT_10315	4	0.000693842
Acinetobacter_baumannii	PT_1034	1	0.000173461
Acinetobacter_baumannii	PT_1037	3	0.000520382
Acinetobacter_baumannii	PT_1039	3	0.000520382
Acinetobacter_baumannii	PT_10589	2	0.000346921
Acinetobacter_baumannii	PT_10736	4	0.000693842
Acinetobacter_baumannii	PT_10898	18	0.00312229
Acinetobacter_baumannii	PT_10964	9	0.001561145
Acinetobacter_baumannii	PT_11012	34	0.005897658
Acinetobacter_baumannii	PT_11058	2	0.000346921
Acinetobacter_baumannii	PT_11144	1	0.000173461
Acinetobacter_baumannii	PT_11170	13	0.002254987
Acinetobacter_baumannii	PT_11261	7	0.001214224
Acinetobacter_baumannii	PT_11388	5	0.000867303
Acinetobacter_baumannii	PT_1171	247	0.042844753
Acinetobacter_baumannii	PT_1208	2	0.000346921
Acinetobacter_baumannii	PT_12126	3	0.000520382
Acinetobacter_baumannii	PT_12140	1	0.000173461
Acinetobacter_baumannii	PT_12289	2	0.000346921
Acinetobacter_baumannii	PT_12320	6	0.001040763
Acinetobacter_baumannii	PT_12409	1	0.000173461
Acinetobacter_baumannii	PT_12648	1	0.000173461
Acinetobacter_baumannii	PT_12853	4	0.000693842
Acinetobacter_baumannii	PT_12898	15	0.002601908
Acinetobacter_baumannii	PT_129	1	0.000173461
Acinetobacter_baumannii	PT_12904	49	0.008499566
Acinetobacter_baumannii	PT_12973	1	0.000173461
Acinetobacter_baumannii	PT_13129	6	0.001040763
Acinetobacter_baumannii	PT_13203	1	0.000173461
Acinetobacter_baumannii	PT_13207	1	0.000173461
Acinetobacter_baumannii	PT_13219	16	0.002775369
Acinetobacter_baumannii	PT_13229	2	0.000346921
Acinetobacter_baumannii	PT_13397	185	0.032090199
Acinetobacter_baumannii	PT_13398	7	0.001214224
Acinetobacter_baumannii	PT_13409	91	0.015784909
Acinetobacter_baumannii	PT_13410	16	0.002775369
Acinetobacter_baumannii	PT_13458	1	0.000173461
Acinetobacter_baumannii	PT_13497	9	0.001561145
Acinetobacter_baumannii	PT_13499	1	0.000173461
Acinetobacter_baumannii	PT_13500	2	0.000346921
Acinetobacter_baumannii	PT_13521	206	0.035732871
Acinetobacter_baumannii	PT_1364	1	0.000173461
Acinetobacter_baumannii	PT_13645	1	0.000173461
Acinetobacter_baumannii	PT_1365	27	0.004683435
Acinetobacter_baumannii	PT_1367	15	0.002601908
Acinetobacter_baumannii	PT_1369	19	0.00329575
Acinetobacter_baumannii	PT_1388	7	0.001214224
Acinetobacter_baumannii	PT_1389	1	0.000173461
Acinetobacter_baumannii	PT_13939	22	0.003816132
Acinetobacter_baumannii	PT_14070	6	0.001040763
Acinetobacter_baumannii	PT_14191	23	0.003989592
Acinetobacter_baumannii	PT_14225	3	0.000520382
Acinetobacter_baumannii	PT_14321	3	0.000520382
Acinetobacter_baumannii	PT_14788	4	0.000693842
Acinetobacter_baumannii	PT_1480	4	0.000693842
Acinetobacter_baumannii	PT_1481	5	0.000867303
Acinetobacter_baumannii	PT_14930	1	0.000173461
Acinetobacter_baumannii	PT_15004	3	0.000520382
Acinetobacter_baumannii	PT_15014	2	0.000346921
Acinetobacter_baumannii	PT_15022	1	0.000173461
Acinetobacter_baumannii	PT_15068	39	0.006764961
Acinetobacter_baumannii	PT_15304	2	0.000346921
Acinetobacter_baumannii	PT_1545	1	0.000173461
Acinetobacter_baumannii	PT_15563	12	0.002081526
Acinetobacter_baumannii	PT_15643	2	0.000346921
Acinetobacter_baumannii	PT_1572	1	0.000173461
Acinetobacter_baumannii	PT_1675	1	0.000173461
Acinetobacter_baumannii	PT_16864	2	0.000346921
Acinetobacter_baumannii	PT_16924	6	0.001040763
Acinetobacter_baumannii	PT_16946	3	0.000520382
Acinetobacter_baumannii	PT_17056	2	0.000346921
Acinetobacter_baumannii	PT_17081	3	0.000520382
Acinetobacter_baumannii	PT_17099	1	0.000173461
Acinetobacter_baumannii	PT_17379	2	0.000346921
Acinetobacter_baumannii	PT_1748	2	0.000346921
Acinetobacter_baumannii	PT_1788	3	0.000520382
Acinetobacter_baumannii	PT_17976	14	0.002428448
Acinetobacter_baumannii	PT_1801	2	0.000346921
Acinetobacter_baumannii	PT_1819	3	0.000520382
Acinetobacter_baumannii	PT_1900	2241	0.388725065
Acinetobacter_baumannii	PT_1901	8	0.001387684
Acinetobacter_baumannii	PT_19262	4	0.000693842
Acinetobacter_baumannii	PT_19438	7	0.001214224
Acinetobacter_baumannii	PT_19470	1	0.000173461
Acinetobacter_baumannii	PT_19550	80	0.013876843
Acinetobacter_baumannii	PT_19629	1	0.000173461
Acinetobacter_baumannii	PT_20218	9	0.001561145
Acinetobacter_baumannii	PT_20853	26	0.004509974
Acinetobacter_baumannii	PT_2115	25	0.004336513
Acinetobacter_baumannii	PT_21158	11	0.001908066
Acinetobacter_baumannii	PT_2116	144	0.024978317
Acinetobacter_baumannii	PT_2181	765	0.132697311
Acinetobacter_baumannii	PT_21872	23	0.003989592
Acinetobacter_baumannii	PT_21881	1	0.000173461
Acinetobacter_baumannii	PT_2230	2	0.000346921
Acinetobacter_baumannii	PT_2317	2	0.000346921
Acinetobacter_baumannii	PT_23218	7	0.001214224
Acinetobacter_baumannii	PT_23914	2	0.000346921
Acinetobacter_baumannii	PT_24656	2	0.000346921
Acinetobacter_baumannii	PT_25140	3	0.000520382
Acinetobacter_baumannii	PT_25194	1	0.000173461
Acinetobacter_baumannii	PT_2638	1	0.000173461
Acinetobacter_baumannii	PT_2742	400	0.069384215
Acinetobacter_baumannii	PT_2751	49	0.008499566
Acinetobacter_baumannii	PT_2767	13	0.002254987
Acinetobacter_baumannii	PT_28	3	0.000520382
Acinetobacter_baumannii	PT_299	226	0.039202082
Acinetobacter_baumannii	PT_3038	137	0.023764094
Acinetobacter_baumannii	PT_3057	70	0.012142238
Acinetobacter_baumannii	PT_3148	1	0.000173461
Acinetobacter_baumannii	PT_320	1	0.000173461
Acinetobacter_baumannii	PT_323	7	0.001214224
Acinetobacter_baumannii	PT_3266	1	0.000173461
Acinetobacter_baumannii	PT_3279	5	0.000867303
Acinetobacter_baumannii	PT_334	26	0.004509974
Acinetobacter_baumannii	PT_335	24	0.004163053
Acinetobacter_baumannii	PT_3420	171	0.029661752
Acinetobacter_baumannii	PT_3495	6	0.001040763
Acinetobacter_baumannii	PT_3510	1	0.000173461
Acinetobacter_baumannii	PT_3511	4	0.000693842
Acinetobacter_baumannii	PT_3545	1	0.000173461
Acinetobacter_baumannii	PT_3546	1	0.000173461
Acinetobacter_baumannii	PT_3586	6	0.001040763
Acinetobacter_baumannii	PT_3758	6	0.001040763
Acinetobacter_baumannii	PT_381	15	0.002601908
Acinetobacter_baumannii	PT_385	13	0.002254987
Acinetobacter_baumannii	PT_3874	16	0.002775369
Acinetobacter_baumannii	PT_39	1	0.000173461
Acinetobacter_baumannii	PT_3905	4	0.000693842
Acinetobacter_baumannii	PT_393	88	0.015264527
Acinetobacter_baumannii	PT_3992	9	0.001561145
Acinetobacter_baumannii	PT_4076	4	0.000693842
Acinetobacter_baumannii	PT_4180	1	0.000173461
Acinetobacter_baumannii	PT_4181	3	0.000520382
Acinetobacter_baumannii	PT_4224	12	0.002081526
Acinetobacter_baumannii	PT_4389	5	0.000867303
Acinetobacter_baumannii	PT_4413	1	0.000173461
Acinetobacter_baumannii	PT_4416	3	0.000520382
Acinetobacter_baumannii	PT_4417	2	0.000346921
Acinetobacter_baumannii	PT_442	10	0.001734605
Acinetobacter_baumannii	PT_444	3	0.000520382
Acinetobacter_baumannii	PT_447	1783	0.309280139
Acinetobacter_baumannii	PT_463	46	0.007979185
Acinetobacter_baumannii	PT_464	10	0.001734605
Acinetobacter_baumannii	PT_465	3	0.000520382
Acinetobacter_baumannii	PT_4707	326	0.056548135
Acinetobacter_baumannii	PT_480	39	0.006764961
Acinetobacter_baumannii	PT_481	264	0.045793582
Acinetobacter_baumannii	PT_4830	2	0.000346921
Acinetobacter_baumannii	PT_4839	15	0.002601908
Acinetobacter_baumannii	PT_4841	7	0.001214224
Acinetobacter_baumannii	PT_486	1	0.000173461
Acinetobacter_baumannii	PT_4992	357	0.061925412
Acinetobacter_baumannii	PT_503	5	0.000867303
Acinetobacter_baumannii	PT_5063	2	0.000346921
Acinetobacter_baumannii	PT_5090	5	0.000867303
Acinetobacter_baumannii	PT_5383	69	0.011968777
Acinetobacter_baumannii	PT_5532	10	0.001734605
Acinetobacter_baumannii	PT_5545	4	0.000693842
Acinetobacter_baumannii	PT_5558	1	0.000173461
Acinetobacter_baumannii	PT_5711	16	0.002775369
Acinetobacter_baumannii	PT_578	1	0.000173461
Acinetobacter_baumannii	PT_5794	2	0.000346921
Acinetobacter_baumannii	PT_582	10	0.001734605
Acinetobacter_baumannii	PT_5827	4	0.000693842
Acinetobacter_baumannii	PT_5893	15	0.002601908
Acinetobacter_baumannii	PT_5914	72	0.012489159
Acinetobacter_baumannii	PT_5917	105	0.018213356
Acinetobacter_baumannii	PT_5918	12	0.002081526
Acinetobacter_baumannii	PT_6008	56	0.00971379
Acinetobacter_baumannii	PT_6030	7	0.001214224
Acinetobacter_baumannii	PT_6095	3	0.000520382
Acinetobacter_baumannii	PT_6109	1	0.000173461
Acinetobacter_baumannii	PT_6168	18	0.00312229
Acinetobacter_baumannii	PT_6179	2	0.000346921
Acinetobacter_baumannii	PT_6244	1	0.000173461
Acinetobacter_baumannii	PT_6395	1084	0.188031223
Acinetobacter_baumannii	PT_6406	1	0.000173461
Acinetobacter_baumannii	PT_6427	1	0.000173461
Acinetobacter_baumannii	PT_6428	12	0.002081526
Acinetobacter_baumannii	PT_6435	2	0.000346921
Acinetobacter_baumannii	PT_6436	1	0.000173461
Acinetobacter_baumannii	PT_6477	25	0.004336513
Acinetobacter_baumannii	PT_6496	1	0.000173461
Acinetobacter_baumannii	PT_6499	1	0.000173461
Acinetobacter_baumannii	PT_6502	94	0.016305291
Acinetobacter_baumannii	PT_6507	2	0.000346921
Acinetobacter_baumannii	PT_6549	1	0.000173461
Acinetobacter_baumannii	PT_6604	105	0.018213356
Acinetobacter_baumannii	PT_6626	110	0.019080659
Acinetobacter_baumannii	PT_6670	18	0.00312229
Acinetobacter_baumannii	PT_6677	1	0.000173461
Acinetobacter_baumannii	PT_6703	1	0.000173461
Acinetobacter_baumannii	PT_6740	1531	0.265568083
Acinetobacter_baumannii	PT_6753	5	0.000867303
Acinetobacter_baumannii	PT_6791	3	0.000520382
Acinetobacter_baumannii	PT_6792	6	0.001040763
Acinetobacter_baumannii	PT_6793	8	0.001387684
Acinetobacter_baumannii	PT_6794	1	0.000173461
Acinetobacter_baumannii	PT_6821	1	0.000173461
Acinetobacter_baumannii	PT_6842	2	0.000346921
Acinetobacter_baumannii	PT_6894	2	0.000346921
Acinetobacter_baumannii	PT_6910	32	0.005550737
Acinetobacter_baumannii	PT_6919	1	0.000173461
Acinetobacter_baumannii	PT_6934	1	0.000173461
Acinetobacter_baumannii	PT_6939	6	0.001040763
Acinetobacter_baumannii	PT_6947	2	0.000346921
Acinetobacter_baumannii	PT_6955	1	0.000173461
Acinetobacter_baumannii	PT_6959	6	0.001040763
Acinetobacter_baumannii	PT_696	1	0.000173461
Acinetobacter_baumannii	PT_6980	208	0.036079792
Acinetobacter_baumannii	PT_6985	28	0.004856895
Acinetobacter_baumannii	PT_7014	79	0.013703382
Acinetobacter_baumannii	PT_7022	57	0.009887251
Acinetobacter_baumannii	PT_7036	3	0.000520382
Acinetobacter_baumannii	PT_7051	4	0.000693842
Acinetobacter_baumannii	PT_7078	2	0.000346921
Acinetobacter_baumannii	PT_7080	2	0.000346921
Acinetobacter_baumannii	PT_7118	10	0.001734605
Acinetobacter_baumannii	PT_712	29	0.005030356
Acinetobacter_baumannii	PT_7127	58	0.010060711
Acinetobacter_baumannii	PT_7133	1	0.000173461
Acinetobacter_baumannii	PT_7134	1	0.000173461
Acinetobacter_baumannii	PT_7185	12	0.002081526
Acinetobacter_baumannii	PT_7195	4	0.000693842
Acinetobacter_baumannii	PT_7245	211	0.036600173
Acinetobacter_baumannii	PT_7261	2	0.000346921
Acinetobacter_baumannii	PT_7271	5	0.000867303
Acinetobacter_baumannii	PT_7280	3	0.000520382
Acinetobacter_baumannii	PT_7307	1	0.000173461
Acinetobacter_baumannii	PT_7341	1	0.000173461
Acinetobacter_baumannii	PT_7450	4	0.000693842
Acinetobacter_baumannii	PT_7548	1	0.000173461
Acinetobacter_baumannii	PT_7560	1	0.000173461
Acinetobacter_baumannii	PT_7569	4	0.000693842
Acinetobacter_baumannii	PT_7607	21	0.003642671
Acinetobacter_baumannii	PT_7618	26	0.004509974
Acinetobacter_baumannii	PT_7643	7	0.001214224
Acinetobacter_baumannii	PT_7706	8	0.001387684
Acinetobacter_baumannii	PT_7714	1	0.000173461
Acinetobacter_baumannii	PT_7716	1	0.000173461
Acinetobacter_baumannii	PT_7778	16	0.002775369
Acinetobacter_baumannii	PT_7800	73	0.012662619
Acinetobacter_baumannii	PT_7832	21	0.003642671
Acinetobacter_baumannii	PT_7836	47	0.008152645
Acinetobacter_baumannii	PT_7869	66	0.011448395
Acinetobacter_baumannii	PT_7890	1	0.000173461
Acinetobacter_baumannii	PT_7899	1	0.000173461
Acinetobacter_baumannii	PT_7908	1	0.000173461
Acinetobacter_baumannii	PT_7934	5	0.000867303
Acinetobacter_baumannii	PT_7972	3	0.000520382
Acinetobacter_baumannii	PT_8055	38	0.0065915
Acinetobacter_baumannii	PT_806	2	0.000346921
Acinetobacter_baumannii	PT_8113	1	0.000173461
Acinetobacter_baumannii	PT_8143	4	0.000693842
Acinetobacter_baumannii	PT_8158	3	0.000520382
Acinetobacter_baumannii	PT_8185	111	0.01925412
Acinetobacter_baumannii	PT_8186	4	0.000693842
Acinetobacter_baumannii	PT_8188	1	0.000173461
Acinetobacter_baumannii	PT_8227	3	0.000520382
Acinetobacter_baumannii	PT_8231	7	0.001214224
Acinetobacter_baumannii	PT_8247	2	0.000346921
Acinetobacter_baumannii	PT_8252	19	0.00329575
Acinetobacter_baumannii	PT_8313	1	0.000173461
Acinetobacter_baumannii	PT_8315	2	0.000346921
Acinetobacter_baumannii	PT_8330	3	0.000520382
Acinetobacter_baumannii	PT_8367	1	0.000173461
Acinetobacter_baumannii	PT_8394	1	0.000173461
Acinetobacter_baumannii	PT_8452	1	0.000173461
Acinetobacter_baumannii	PT_8466	10	0.001734605
Acinetobacter_baumannii	PT_8467	1	0.000173461
Acinetobacter_baumannii	PT_8509	1	0.000173461
Acinetobacter_baumannii	PT_8513	6	0.001040763
Acinetobacter_baumannii	PT_8518	1	0.000173461
Acinetobacter_baumannii	PT_8521	12	0.002081526
Acinetobacter_baumannii	PT_8523	1	0.000173461
Acinetobacter_baumannii	PT_8561	6	0.001040763
Acinetobacter_baumannii	PT_8562	14	0.002428448
Acinetobacter_baumannii	PT_8604	3	0.000520382
Acinetobacter_baumannii	PT_8637	1	0.000173461
Acinetobacter_baumannii	PT_8645	141	0.024457936
Acinetobacter_baumannii	PT_8659	47	0.008152645
Acinetobacter_baumannii	PT_8670	2	0.000346921
Acinetobacter_baumannii	PT_8681	2	0.000346921
Acinetobacter_baumannii	PT_8699	1	0.000173461
Acinetobacter_baumannii	PT_87	23	0.003989592
Acinetobacter_baumannii	PT_8714	4	0.000693842
Acinetobacter_baumannii	PT_8723	1	0.000173461
Acinetobacter_baumannii	PT_8757	26	0.004509974
Acinetobacter_baumannii	PT_8767	5	0.000867303
Acinetobacter_baumannii	PT_8782	26	0.004509974
Acinetobacter_baumannii	PT_8790	1	0.000173461
Acinetobacter_baumannii	PT_8800	2	0.000346921
Acinetobacter_baumannii	PT_8823	113	0.019601041
Acinetobacter_baumannii	PT_8846	1	0.000173461
Acinetobacter_baumannii	PT_8888	1	0.000173461
Acinetobacter_baumannii	PT_8899	35	0.006071119
Acinetobacter_baumannii	PT_8900	4	0.000693842
Acinetobacter_baumannii	PT_8903	415	0.071986123
Acinetobacter_baumannii	PT_8926	48	0.008326106
Acinetobacter_baumannii	PT_8945	3	0.000520382
Acinetobacter_baumannii	PT_8947	2	0.000346921
Acinetobacter_baumannii	PT_8975	117	0.020294883
Acinetobacter_baumannii	PT_8979	1	0.000173461
Acinetobacter_baumannii	PT_8987	15	0.002601908
Acinetobacter_baumannii	PT_8988	26	0.004509974
Acinetobacter_baumannii	PT_899	10	0.001734605
Acinetobacter_baumannii	PT_8992	1	0.000173461
Acinetobacter_baumannii	PT_9002	3	0.000520382
Acinetobacter_baumannii	PT_9032	6	0.001040763
Acinetobacter_baumannii	PT_9037	1	0.000173461
Acinetobacter_baumannii	PT_9080	1	0.000173461
Acinetobacter_baumannii	PT_9085	1	0.000173461
Acinetobacter_baumannii	PT_9087	19	0.00329575
Acinetobacter_baumannii	PT_9160	9	0.001561145
Acinetobacter_baumannii	PT_9174	32	0.005550737
Acinetobacter_baumannii	PT_9189	11	0.001908066
Acinetobacter_baumannii	PT_9235	1	0.000173461
Acinetobacter_baumannii	PT_9268	2	0.000346921
Acinetobacter_baumannii	PT_9278	128	0.022202949
Acinetobacter_baumannii	PT_9279	119	0.020641804
Acinetobacter_baumannii	PT_9291	41	0.007111882
Acinetobacter_baumannii	PT_9335	7	0.001214224
Acinetobacter_baumannii	PT_9343	20	0.003469211
Acinetobacter_baumannii	PT_9388	299	0.051864701
Acinetobacter_baumannii	PT_9400	212	0.036773634
Acinetobacter_baumannii	PT_9426	12	0.002081526
Acinetobacter_baumannii	PT_9455	8	0.001387684
Acinetobacter_baumannii	PT_9475	5	0.000867303
Acinetobacter_baumannii	PT_9530	1	0.000173461
Acinetobacter_baumannii	PT_960	6	0.001040763
Acinetobacter_baumannii	PT_9615	13	0.002254987
Acinetobacter_baumannii	PT_964	2	0.000346921
Acinetobacter_baumannii	PT_966	2	0.000346921
Acinetobacter_baumannii	PT_9669	1	0.000173461
Acinetobacter_baumannii	PT_9690	57	0.009887251
Acinetobacter_baumannii	PT_9697	1	0.000173461
Acinetobacter_baumannii	PT_9731	1	0.000173461
Acinetobacter_baumannii	PT_9774	42	0.007285343
Acinetobacter_baumannii	PT_9791	1	0.000173461
Acinetobacter_baumannii	PT_9794	1	0.000173461
Acinetobacter_baumannii	PT_9796	4	0.000693842
Acinetobacter_baumannii	PT_997	18	0.00312229
Acinetobacter_baumannii	VT_14141	1	0.000173461
Acinetobacter_baumannii	VT_1435	1	0.000173461
Acinetobacter_baumannii	VT_14471	2613	0.453252385
Acinetobacter_baumannii	VT_24634	5	0.000867303
Acinetobacter_baumannii	VT_4703	3	0.000520382
Acinetobacter_beijerinckii	PT_1901	1	1
Acinetobacter_bereziniae	PT_10123	1	0.025
Acinetobacter_bereziniae	PT_10298	4	0.1
Acinetobacter_bereziniae	PT_11229	3	0.075
Acinetobacter_bereziniae	PT_11261	6	0.15
Acinetobacter_bereziniae	PT_11388	1	0.025
Acinetobacter_bereziniae	PT_13060	1	0.025
Acinetobacter_bereziniae	PT_13129	6	0.15
Acinetobacter_bereziniae	PT_13203	3	0.075
Acinetobacter_bereziniae	PT_1364	2	0.05
Acinetobacter_bereziniae	PT_1388	3	0.075
Acinetobacter_bereziniae	PT_14965	1	0.025
Acinetobacter_bereziniae	PT_17099	1	0.025
Acinetobacter_bereziniae	PT_17279	1	0.025
Acinetobacter_bereziniae	PT_20491	1	0.025
Acinetobacter_bereziniae	PT_21063	1	0.025
Acinetobacter_bereziniae	PT_2532	3	0.075
Acinetobacter_bereziniae	PT_25461	2	0.05
Acinetobacter_bereziniae	PT_2673	1	0.025
Acinetobacter_bereziniae	PT_3005	1	0.025
Acinetobacter_bereziniae	PT_3680	1	0.025
Acinetobacter_bereziniae	PT_3887	1	0.025
Acinetobacter_bereziniae	PT_39	1	0.025
Acinetobacter_bereziniae	PT_3905	3	0.075
Acinetobacter_bereziniae	PT_3992	1	0.025
Acinetobacter_bereziniae	PT_4416	3	0.075
Acinetobacter_bereziniae	PT_5383	2	0.05
Acinetobacter_bereziniae	PT_5711	1	0.025
Acinetobacter_bereziniae	PT_5914	1	0.025
Acinetobacter_bereziniae	PT_5916	1	0.025
Acinetobacter_bereziniae	PT_5917	1	0.025
Acinetobacter_bereziniae	PT_6604	1	0.025
Acinetobacter_bereziniae	PT_6791	2	0.05
Acinetobacter_bereziniae	PT_6792	2	0.05
Acinetobacter_bereziniae	PT_6793	1	0.025
Acinetobacter_bereziniae	PT_6980	1	0.025
Acinetobacter_bereziniae	PT_7041	1	0.025
Acinetobacter_bereziniae	PT_7118	1	0.025
Acinetobacter_bereziniae	PT_712	3	0.075
Acinetobacter_bereziniae	PT_7134	1	0.025
Acinetobacter_bereziniae	PT_7139	1	0.025
Acinetobacter_bereziniae	PT_7245	3	0.075
Acinetobacter_bereziniae	PT_7895	3	0.075
Acinetobacter_bereziniae	PT_8231	2	0.05
Acinetobacter_bereziniae	PT_8315	7	0.175
Acinetobacter_bereziniae	PT_8513	2	0.05
Acinetobacter_bereziniae	PT_8523	3	0.075
Acinetobacter_bereziniae	PT_8659	3	0.075
Acinetobacter_bereziniae	PT_8899	3	0.075
Acinetobacter_bereziniae	PT_8979	7	0.175
Acinetobacter_bereziniae	PT_901	1	0.025
Acinetobacter_bereziniae	PT_9087	1	0.025
Acinetobacter_bereziniae	PT_9174	2	0.05
Acinetobacter_bereziniae	PT_9388	1	0.025
Acinetobacter_bereziniae	PT_9400	4	0.1
Acinetobacter_bereziniae	PT_9426	1	0.025
Acinetobacter_bereziniae	PT_9690	1	0.025
Acinetobacter_bereziniae	PT_997	1	0.025
Acinetobacter_bohemicus	PT_3329	1	1
Acinetobacter_bohemicus	PT_5914	1	1
Acinetobacter_bohemicus	PT_9400	1	1
Acinetobacter_bouvetii	PT_7041	1	1
Acinetobacter_bouvetii	PT_7438	1	1
Acinetobacter_brisouii	PT_10279	1	1
Acinetobacter_brisouii	PT_1081	1	1
Acinetobacter_brisouii	PT_13203	1	1
Acinetobacter_brisouii	PT_7607	1	1
Acinetobacter_brisouii	PT_7836	1	1
Acinetobacter_brisouii	PT_8186	1	1
Acinetobacter_brisouii	PT_8313	1	1
Acinetobacter_brisouii	PT_9400	1	1
Acinetobacter_calcoaceticus	PT_19438	1	0.25
Acinetobacter_calcoaceticus	PT_323	1	0.25
Acinetobacter_calcoaceticus	PT_5914	1	0.25
Acinetobacter_calcoaceticus	PT_7607	2	0.5
Acinetobacter_calcoaceticus	PT_9400	1	0.25
Acinetobacter_chengduensis	PT_17750	1	1
Acinetobacter_chengduensis	PT_18319	1	1
Acinetobacter_chengduensis	PT_299	1	1
Acinetobacter_chengduensis	PT_6604	1	1
Acinetobacter_chengduensis	PT_7800	1	1
Acinetobacter_chinensis	PT_1366	1	1
Acinetobacter_chinensis	PT_4416	1	1
Acinetobacter_chinensis	PT_6604	1	1
Acinetobacter_chinensis	PT_7607	1	1
Acinetobacter_chinensis	PT_900	1	1
Acinetobacter_colistiniresistens	PT_10298	3	0.333333333
Acinetobacter_colistiniresistens	PT_13129	2	0.222222222
Acinetobacter_colistiniresistens	PT_13751	1	0.111111111
Acinetobacter_colistiniresistens	PT_14988	1	0.111111111
Acinetobacter_colistiniresistens	PT_15022	2	0.222222222
Acinetobacter_colistiniresistens	PT_15525	1	0.111111111
Acinetobacter_colistiniresistens	PT_3680	1	0.111111111
Acinetobacter_colistiniresistens	PT_5383	1	0.111111111
Acinetobacter_colistiniresistens	PT_712	1	0.111111111
Acinetobacter_colistiniresistens	PT_7127	1	0.111111111
Acinetobacter_colistiniresistens	PT_7329	1	0.111111111
Acinetobacter_colistiniresistens	PT_8659	2	0.222222222
Acinetobacter_colistiniresistens	PT_8900	2	0.222222222
Acinetobacter_cumulans	PT_10279	1	0.142857143
Acinetobacter_cumulans	PT_13060	1	0.142857143
Acinetobacter_cumulans	PT_13203	1	0.142857143
Acinetobacter_cumulans	PT_13573	1	0.142857143
Acinetobacter_cumulans	PT_15251	1	0.142857143
Acinetobacter_cumulans	PT_17273	1	0.142857143
Acinetobacter_cumulans	PT_1748	1	0.142857143
Acinetobacter_cumulans	PT_18319	6	0.857142857
Acinetobacter_cumulans	PT_19141	1	0.142857143
Acinetobacter_cumulans	PT_19163	1	0.142857143
Acinetobacter_cumulans	PT_3148	1	0.142857143
Acinetobacter_cumulans	PT_4416	2	0.285714286
Acinetobacter_cumulans	PT_4462	1	0.142857143
Acinetobacter_cumulans	PT_5383	2	0.285714286
Acinetobacter_cumulans	PT_5914	1	0.142857143
Acinetobacter_cumulans	PT_6507	2	0.285714286
Acinetobacter_cumulans	PT_6604	1	0.142857143
Acinetobacter_cumulans	PT_712	3	0.428571429
Acinetobacter_cumulans	PT_7875	1	0.142857143
Acinetobacter_cumulans	PT_8659	1	0.142857143
Acinetobacter_cumulans	PT_901	1	0.142857143
Acinetobacter_cumulans	PT_997	1	0.142857143
Acinetobacter_cumulans	PT_998	2	0.285714286
Acinetobacter_defluvii	PT_10298	1	0.5
Acinetobacter_defluvii	PT_15681	2	1
Acinetobacter_defluvii	PT_21173	1	0.5
Acinetobacter_defluvii	PT_3627	1	0.5
Acinetobacter_defluvii	PT_4932	1	0.5
Acinetobacter_defluvii	PT_5383	2	1
Acinetobacter_defluvii	PT_5914	1	0.5
Acinetobacter_defluvii	PT_5918	1	0.5
Acinetobacter_defluvii	PT_6604	1	0.5
Acinetobacter_defluvii	PT_712	1	0.5
Acinetobacter_defluvii	PT_8518	1	0.5
Acinetobacter_defluvii	PT_9400	1	0.5
Acinetobacter_defluvii	PT_9426	2	1
Acinetobacter_defluvii	PT_997	1	0.5
Acinetobacter_dispersus	PT_25461	1	1
Acinetobacter_faecalis	PT_11462	1	1
Acinetobacter_gandensis	PT_3874	2	1
Acinetobacter_gandensis	PT_8158	2	1
Acinetobacter_geminorum	PT_10898	1	1
Acinetobacter_geminorum	PT_13397	1	1
Acinetobacter_geminorum	PT_14225	1	1
Acinetobacter_geminorum	PT_8315	1	1
Acinetobacter_genomosp.	PT_10298	1	0.5
Acinetobacter_genomosp.	PT_1044	2	1
Acinetobacter_genomosp.	PT_10898	1	0.5
Acinetobacter_genomosp.	PT_3057	1	0.5
Acinetobacter_genomosp.	PT_7972	1	0.5
Acinetobacter_genomosp.	PT_8979	1	0.5
Acinetobacter_gerneri	PT_10226	1	1
Acinetobacter_gerneri	PT_10279	1	1
Acinetobacter_gerneri	PT_25251	1	1
Acinetobacter_gerneri	PT_5383	1	1
Acinetobacter_gerneri	PT_5914	2	2
Acinetobacter_gerneri	PT_6604	1	1
Acinetobacter_gerneri	PT_7800	1	1
Acinetobacter_gerneri	PT_8315	1	1
Acinetobacter_guerrae	PT_20491	1	0.333333333
Acinetobacter_guerrae	PT_3005	1	0.333333333
Acinetobacter_guerrae	PT_3038	2	0.666666667
Acinetobacter_guerrae	PT_4224	1	0.333333333
Acinetobacter_guerrae	PT_7127	1	0.333333333
Acinetobacter_guerrae	PT_8102	1	0.333333333
Acinetobacter_guerrae	PT_8315	1	0.333333333
Acinetobacter_guillouiae	PT_13409	1	0.333333333
Acinetobacter_guillouiae	PT_2297	2	0.666666667
Acinetobacter_gyllenbergii	PT_11519	1	0.5
Acinetobacter_gyllenbergii	PT_8899	1	0.5
Acinetobacter_gyllenbergii	PT_9087	1	0.5
Acinetobacter_haemolyticus	PT_10	1	0.025641026
Acinetobacter_haemolyticus	PT_100	1	0.025641026
Acinetobacter_haemolyticus	PT_10298	6	0.153846154
Acinetobacter_haemolyticus	PT_11229	3	0.076923077
Acinetobacter_haemolyticus	PT_11261	2	0.051282051
Acinetobacter_haemolyticus	PT_11388	9	0.230769231
Acinetobacter_haemolyticus	PT_12147	1	0.025641026
Acinetobacter_haemolyticus	PT_12752	1	0.025641026
Acinetobacter_haemolyticus	PT_13129	5	0.128205128
Acinetobacter_haemolyticus	PT_13409	1	0.025641026
Acinetobacter_haemolyticus	PT_1388	9	0.230769231
Acinetobacter_haemolyticus	PT_15022	6	0.153846154
Acinetobacter_haemolyticus	PT_15419	2	0.051282051
Acinetobacter_haemolyticus	PT_15563	3	0.076923077
Acinetobacter_haemolyticus	PT_16965	1	0.025641026
Acinetobacter_haemolyticus	PT_19020	2	0.051282051
Acinetobacter_haemolyticus	PT_19262	1	0.025641026
Acinetobacter_haemolyticus	PT_22451	4	0.102564103
Acinetobacter_haemolyticus	PT_22555	1	0.025641026
Acinetobacter_haemolyticus	PT_25139	2	0.051282051
Acinetobacter_haemolyticus	PT_2866	4	0.102564103
Acinetobacter_haemolyticus	PT_385	17	0.435897436
Acinetobacter_haemolyticus	PT_4076	1	0.025641026
Acinetobacter_haemolyticus	PT_4416	1	0.025641026
Acinetobacter_haemolyticus	PT_4417	1	0.025641026
Acinetobacter_haemolyticus	PT_5914	2	0.051282051
Acinetobacter_haemolyticus	PT_6604	2	0.051282051
Acinetobacter_haemolyticus	PT_7751	2	0.051282051
Acinetobacter_haemolyticus	PT_8298	9	0.230769231
Acinetobacter_haemolyticus	PT_8315	1	0.025641026
Acinetobacter_haemolyticus	PT_8659	2	0.051282051
Acinetobacter_haemolyticus	PT_8899	3	0.076923077
Acinetobacter_haemolyticus	PT_8900	1	0.025641026
Acinetobacter_haemolyticus	PT_8979	1	0.025641026
Acinetobacter_haemolyticus	PT_9087	1	0.025641026
Acinetobacter_haemolyticus	PT_9189	1	0.025641026
Acinetobacter_haemolyticus	PT_9400	13	0.333333333
Acinetobacter_haemolyticus	PT_9426	1	0.025641026
Acinetobacter_harbinensis	PT_10684	1	0.5
Acinetobacter_harbinensis	PT_11862	1	0.5
Acinetobacter_harbinensis	PT_12626	1	0.5
Acinetobacter_harbinensis	PT_22451	1	0.5
Acinetobacter_harbinensis	PT_6502	1	0.5
Acinetobacter_harbinensis	PT_7383	1	0.5
Acinetobacter_harbinensis	PT_8313	1	0.5
Acinetobacter_harbinensis	PT_9189	1	0.5
Acinetobacter_indicus	PT_10157	1	0.01754386
Acinetobacter_indicus	PT_10202	1	0.01754386
Acinetobacter_indicus	PT_10298	1	0.01754386
Acinetobacter_indicus	PT_10684	3	0.052631579
Acinetobacter_indicus	PT_11862	2	0.035087719
Acinetobacter_indicus	PT_12259	7	0.122807018
Acinetobacter_indicus	PT_12261	1	0.01754386
Acinetobacter_indicus	PT_12812	9	0.157894737
Acinetobacter_indicus	PT_1366	1	0.01754386
Acinetobacter_indicus	PT_1389	4	0.070175439
Acinetobacter_indicus	PT_1480	1	0.01754386
Acinetobacter_indicus	PT_14852	2	0.035087719
Acinetobacter_indicus	PT_15001	2	0.035087719
Acinetobacter_indicus	PT_15516	4	0.070175439
Acinetobacter_indicus	PT_16863	1	0.01754386
Acinetobacter_indicus	PT_16864	1	0.01754386
Acinetobacter_indicus	PT_17163	1	0.01754386
Acinetobacter_indicus	PT_17203	1	0.01754386
Acinetobacter_indicus	PT_17219	1	0.01754386
Acinetobacter_indicus	PT_18185	1	0.01754386
Acinetobacter_indicus	PT_1962	1	0.01754386
Acinetobacter_indicus	PT_22190	1	0.01754386
Acinetobacter_indicus	PT_24785	1	0.01754386
Acinetobacter_indicus	PT_2688	2	0.035087719
Acinetobacter_indicus	PT_2950	1	0.01754386
Acinetobacter_indicus	PT_2955	1	0.01754386
Acinetobacter_indicus	PT_299	3	0.052631579
Acinetobacter_indicus	PT_3148	1	0.01754386
Acinetobacter_indicus	PT_334	1	0.01754386
Acinetobacter_indicus	PT_3342	1	0.01754386
Acinetobacter_indicus	PT_3829	1	0.01754386
Acinetobacter_indicus	PT_3874	2	0.035087719
Acinetobacter_indicus	PT_3887	1	0.01754386
Acinetobacter_indicus	PT_393	1	0.01754386
Acinetobacter_indicus	PT_4416	3	0.052631579
Acinetobacter_indicus	PT_4462	6	0.105263158
Acinetobacter_indicus	PT_4492	1	0.01754386
Acinetobacter_indicus	PT_481	12	0.210526316
Acinetobacter_indicus	PT_4932	3	0.052631579
Acinetobacter_indicus	PT_5294	4	0.070175439
Acinetobacter_indicus	PT_5738	2	0.035087719
Acinetobacter_indicus	PT_5914	5	0.087719298
Acinetobacter_indicus	PT_5918	1	0.01754386
Acinetobacter_indicus	PT_6095	1	0.01754386
Acinetobacter_indicus	PT_6604	4	0.070175439
Acinetobacter_indicus	PT_6626	8	0.140350877
Acinetobacter_indicus	PT_6740	1	0.01754386
Acinetobacter_indicus	PT_6908	1	0.01754386
Acinetobacter_indicus	PT_7133	2	0.035087719
Acinetobacter_indicus	PT_7372	1	0.01754386
Acinetobacter_indicus	PT_7607	1	0.01754386
Acinetobacter_indicus	PT_7730	1	0.01754386
Acinetobacter_indicus	PT_7751	1	0.01754386
Acinetobacter_indicus	PT_7800	3	0.052631579
Acinetobacter_indicus	PT_8645	27	0.473684211
Acinetobacter_indicus	PT_8823	3	0.052631579
Acinetobacter_indicus	PT_8903	1	0.01754386
Acinetobacter_indicus	PT_9005	9	0.157894737
Acinetobacter_indicus	PT_9037	1	0.01754386
Acinetobacter_indicus	PT_9400	7	0.122807018
Acinetobacter_indicus	PT_9690	9	0.157894737
Acinetobacter_indicus	PT_9774	1	0.01754386
Acinetobacter_johnsonii	PT_10035	3	0.166666667
Acinetobacter_johnsonii	PT_10083	1	0.055555556
Acinetobacter_johnsonii	PT_1208	1	0.055555556
Acinetobacter_johnsonii	PT_12329	2	0.111111111
Acinetobacter_johnsonii	PT_12351	1	0.055555556
Acinetobacter_johnsonii	PT_12472	1	0.055555556
Acinetobacter_johnsonii	PT_12730	1	0.055555556
Acinetobacter_johnsonii	PT_13169	1	0.055555556
Acinetobacter_johnsonii	PT_1389	1	0.055555556
Acinetobacter_johnsonii	PT_1508	1	0.055555556
Acinetobacter_johnsonii	PT_22335	1	0.055555556
Acinetobacter_johnsonii	PT_22555	1	0.055555556
Acinetobacter_johnsonii	PT_24982	1	0.055555556
Acinetobacter_johnsonii	PT_2532	3	0.166666667
Acinetobacter_johnsonii	PT_3148	1	0.055555556
Acinetobacter_johnsonii	PT_3786	1	0.055555556
Acinetobacter_johnsonii	PT_4076	1	0.055555556
Acinetobacter_johnsonii	PT_4416	2	0.111111111
Acinetobacter_johnsonii	PT_5382	1	0.055555556
Acinetobacter_johnsonii	PT_6406	1	0.055555556
Acinetobacter_johnsonii	PT_6604	1	0.055555556
Acinetobacter_johnsonii	PT_6916	1	0.055555556
Acinetobacter_johnsonii	PT_712	6	0.333333333
Acinetobacter_johnsonii	PT_7194	1	0.055555556
Acinetobacter_johnsonii	PT_7237	1	0.055555556
Acinetobacter_johnsonii	PT_7270	1	0.055555556
Acinetobacter_johnsonii	PT_7287	1	0.055555556
Acinetobacter_johnsonii	PT_7714	1	0.055555556
Acinetobacter_johnsonii	PT_7756	1	0.055555556
Acinetobacter_johnsonii	PT_7881	1	0.055555556
Acinetobacter_johnsonii	PT_7908	1	0.055555556
Acinetobacter_johnsonii	PT_8206	1	0.055555556
Acinetobacter_johnsonii	PT_8247	1	0.055555556
Acinetobacter_johnsonii	PT_8315	1	0.055555556
Acinetobacter_johnsonii	PT_8513	1	0.055555556
Acinetobacter_johnsonii	PT_8790	1	0.055555556
Acinetobacter_johnsonii	PT_997	1	0.055555556
Acinetobacter_junii	PT_10	8	0.177777778
Acinetobacter_junii	PT_10035	1	0.022222222
Acinetobacter_junii	PT_10298	9	0.2
Acinetobacter_junii	PT_10324	1	0.022222222
Acinetobacter_junii	PT_11229	1	0.022222222
Acinetobacter_junii	PT_11261	1	0.022222222
Acinetobacter_junii	PT_11862	1	0.022222222
Acinetobacter_junii	PT_13129	1	0.022222222
Acinetobacter_junii	PT_1365	1	0.022222222
Acinetobacter_junii	PT_1388	2	0.044444444
Acinetobacter_junii	PT_15304	2	0.044444444
Acinetobacter_junii	PT_15563	4	0.088888889
Acinetobacter_junii	PT_1788	1	0.022222222
Acinetobacter_junii	PT_18983	1	0.022222222
Acinetobacter_junii	PT_1901	1	0.022222222
Acinetobacter_junii	PT_19463	1	0.022222222
Acinetobacter_junii	PT_2732	2	0.044444444
Acinetobacter_junii	PT_3057	5	0.111111111
Acinetobacter_junii	PT_323	1	0.022222222
Acinetobacter_junii	PT_3279	1	0.022222222
Acinetobacter_junii	PT_3680	3	0.066666667
Acinetobacter_junii	PT_4416	2	0.044444444
Acinetobacter_junii	PT_5063	2	0.044444444
Acinetobacter_junii	PT_5821	1	0.022222222
Acinetobacter_junii	PT_5914	1	0.022222222
Acinetobacter_junii	PT_5915	1	0.022222222
Acinetobacter_junii	PT_6604	1	0.022222222
Acinetobacter_junii	PT_6793	2	0.044444444
Acinetobacter_junii	PT_6919	1	0.022222222
Acinetobacter_junii	PT_7113	1	0.022222222
Acinetobacter_junii	PT_712	4	0.088888889
Acinetobacter_junii	PT_7127	1	0.022222222
Acinetobacter_junii	PT_7344	1	0.022222222
Acinetobacter_junii	PT_7607	1	0.022222222
Acinetobacter_junii	PT_7800	1	0.022222222
Acinetobacter_junii	PT_8231	1	0.022222222
Acinetobacter_junii	PT_8513	1	0.022222222
Acinetobacter_junii	PT_8659	1	0.022222222
Acinetobacter_junii	PT_8777	1	0.022222222
Acinetobacter_junii	PT_8899	5	0.111111111
Acinetobacter_junii	PT_8900	3	0.066666667
Acinetobacter_junii	PT_8979	3	0.066666667
Acinetobacter_junii	PT_9400	33	0.733333333
Acinetobacter_junii	PT_997	1	0.022222222
Acinetobacter_lactucae	PT_10298	2	0.4
Acinetobacter_lactucae	PT_1208	1	0.2
Acinetobacter_lactucae	PT_19438	1	0.2
Acinetobacter_lactucae	PT_2181	1	0.2
Acinetobacter_lactucae	PT_3057	2	0.4
Acinetobacter_lactucae	PT_4416	1	0.2
Acinetobacter_lactucae	PT_5383	1	0.2
Acinetobacter_lactucae	PT_6604	1	0.2
Acinetobacter_lactucae	PT_6791	1	0.2
Acinetobacter_lactucae	PT_712	1	0.2
Acinetobacter_lactucae	PT_8637	1	0.2
Acinetobacter_lactucae	PT_8659	1	0.2
Acinetobacter_lactucae	PT_8899	1	0.2
Acinetobacter_lactucae	PT_899	1	0.2
Acinetobacter_lactucae	PT_9400	1	0.2
Acinetobacter_lactucae	PT_9427	1	0.2
Acinetobacter_lanii	PT_5383	1	1
Acinetobacter_lwoffii	PT_11590	1	0.052631579
Acinetobacter_lwoffii	PT_1208	1	0.052631579
Acinetobacter_lwoffii	PT_13375	2	0.105263158
Acinetobacter_lwoffii	PT_1387	1	0.052631579
Acinetobacter_lwoffii	PT_1396	15	0.789473684
Acinetobacter_lwoffii	PT_14929	1	0.052631579
Acinetobacter_lwoffii	PT_15304	1	0.052631579
Acinetobacter_lwoffii	PT_1587	1	0.052631579
Acinetobacter_lwoffii	PT_1748	1	0.052631579
Acinetobacter_lwoffii	PT_17742	2	0.105263158
Acinetobacter_lwoffii	PT_17976	1	0.052631579
Acinetobacter_lwoffii	PT_23995	1	0.052631579
Acinetobacter_lwoffii	PT_2616	1	0.052631579
Acinetobacter_lwoffii	PT_299	1	0.052631579
Acinetobacter_lwoffii	PT_3271	1	0.052631579
Acinetobacter_lwoffii	PT_3874	2	0.105263158
Acinetobacter_lwoffii	PT_4389	2	0.105263158
Acinetobacter_lwoffii	PT_4416	1	0.052631579
Acinetobacter_lwoffii	PT_5383	3	0.157894737
Acinetobacter_lwoffii	PT_5914	2	0.105263158
Acinetobacter_lwoffii	PT_5917	4	0.210526316
Acinetobacter_lwoffii	PT_6066	1	0.052631579
Acinetobacter_lwoffii	PT_6604	6	0.315789474
Acinetobacter_lwoffii	PT_6660	1	0.052631579
Acinetobacter_lwoffii	PT_6804	1	0.052631579
Acinetobacter_lwoffii	PT_712	2	0.105263158
Acinetobacter_lwoffii	PT_7134	3	0.157894737
Acinetobacter_lwoffii	PT_7186	1	0.052631579
Acinetobacter_lwoffii	PT_7237	1	0.052631579
Acinetobacter_lwoffii	PT_7270	3	0.157894737
Acinetobacter_lwoffii	PT_7286	1	0.052631579
Acinetobacter_lwoffii	PT_7800	1	0.052631579
Acinetobacter_lwoffii	PT_7895	4	0.210526316
Acinetobacter_lwoffii	PT_8315	1	0.052631579
Acinetobacter_lwoffii	PT_8582	1	0.052631579
Acinetobacter_lwoffii	PT_8881	1	0.052631579
Acinetobacter_lwoffii	PT_9189	1	0.052631579
Acinetobacter_lwoffii	PT_9426	2	0.105263158
Acinetobacter_modestus	PT_10	1	0.5
Acinetobacter_modestus	PT_13219	1	0.5
Acinetobacter_modestus	PT_3005	1	0.5
Acinetobacter_modestus	PT_6793	1	0.5
Acinetobacter_modestus	PT_8899	1	0.5
Acinetobacter_nosocomialis	PT_10	5	0.039370079
Acinetobacter_nosocomialis	PT_100	5	0.039370079
Acinetobacter_nosocomialis	PT_10035	1	0.007874016
Acinetobacter_nosocomialis	PT_10124	1	0.007874016
Acinetobacter_nosocomialis	PT_10298	37	0.291338583
Acinetobacter_nosocomialis	PT_10324	1	0.007874016
Acinetobacter_nosocomialis	PT_10898	6	0.047244094
Acinetobacter_nosocomialis	PT_11012	5	0.039370079
Acinetobacter_nosocomialis	PT_11261	6	0.047244094
Acinetobacter_nosocomialis	PT_11388	5	0.039370079
Acinetobacter_nosocomialis	PT_1171	5	0.039370079
Acinetobacter_nosocomialis	PT_12140	1	0.007874016
Acinetobacter_nosocomialis	PT_13397	19	0.149606299
Acinetobacter_nosocomialis	PT_13410	1	0.007874016
Acinetobacter_nosocomialis	PT_1367	1	0.007874016
Acinetobacter_nosocomialis	PT_14988	1	0.007874016
Acinetobacter_nosocomialis	PT_15022	1	0.007874016
Acinetobacter_nosocomialis	PT_16864	1	0.007874016
Acinetobacter_nosocomialis	PT_17099	1	0.007874016
Acinetobacter_nosocomialis	PT_17275	16	0.125984252
Acinetobacter_nosocomialis	PT_1788	3	0.023622047
Acinetobacter_nosocomialis	PT_1900	1	0.007874016
Acinetobacter_nosocomialis	PT_20686	2	0.015748031
Acinetobacter_nosocomialis	PT_21158	1	0.007874016
Acinetobacter_nosocomialis	PT_2116	3	0.023622047
Acinetobacter_nosocomialis	PT_23218	1	0.007874016
Acinetobacter_nosocomialis	PT_23914	3	0.023622047
Acinetobacter_nosocomialis	PT_2516	1	0.007874016
Acinetobacter_nosocomialis	PT_299	3	0.023622047
Acinetobacter_nosocomialis	PT_3038	11	0.086614173
Acinetobacter_nosocomialis	PT_3057	68	0.535433071
Acinetobacter_nosocomialis	PT_323	1	0.007874016
Acinetobacter_nosocomialis	PT_3420	1	0.007874016
Acinetobacter_nosocomialis	PT_3874	1	0.007874016
Acinetobacter_nosocomialis	PT_3951	1	0.007874016
Acinetobacter_nosocomialis	PT_4026	1	0.007874016
Acinetobacter_nosocomialis	PT_4281	1	0.007874016
Acinetobacter_nosocomialis	PT_4416	1	0.007874016
Acinetobacter_nosocomialis	PT_4707	5	0.039370079
Acinetobacter_nosocomialis	PT_5045	2	0.015748031
Acinetobacter_nosocomialis	PT_5090	2	0.015748031
Acinetobacter_nosocomialis	PT_5383	5	0.039370079
Acinetobacter_nosocomialis	PT_5711	3	0.023622047
Acinetobacter_nosocomialis	PT_5917	2	0.015748031
Acinetobacter_nosocomialis	PT_5918	2	0.015748031
Acinetobacter_nosocomialis	PT_6179	1	0.007874016
Acinetobacter_nosocomialis	PT_6525	6	0.047244094
Acinetobacter_nosocomialis	PT_6594	1	0.007874016
Acinetobacter_nosocomialis	PT_6604	1	0.007874016
Acinetobacter_nosocomialis	PT_6626	1	0.007874016
Acinetobacter_nosocomialis	PT_6740	3	0.023622047
Acinetobacter_nosocomialis	PT_6792	1	0.007874016
Acinetobacter_nosocomialis	PT_6793	1	0.007874016
Acinetobacter_nosocomialis	PT_6947	1	0.007874016
Acinetobacter_nosocomialis	PT_6980	1	0.007874016
Acinetobacter_nosocomialis	PT_712	3	0.023622047
Acinetobacter_nosocomialis	PT_7127	12	0.094488189
Acinetobacter_nosocomialis	PT_7237	1	0.007874016
Acinetobacter_nosocomialis	PT_7245	2	0.015748031
Acinetobacter_nosocomialis	PT_7270	1	0.007874016
Acinetobacter_nosocomialis	PT_7271	1	0.007874016
Acinetobacter_nosocomialis	PT_7548	1	0.007874016
Acinetobacter_nosocomialis	PT_7706	6	0.047244094
Acinetobacter_nosocomialis	PT_7800	1	0.007874016
Acinetobacter_nosocomialis	PT_7836	2	0.015748031
Acinetobacter_nosocomialis	PT_7908	1	0.007874016
Acinetobacter_nosocomialis	PT_8055	3	0.023622047
Acinetobacter_nosocomialis	PT_8292	3	0.023622047
Acinetobacter_nosocomialis	PT_8315	2	0.015748031
Acinetobacter_nosocomialis	PT_8466	1	0.007874016
Acinetobacter_nosocomialis	PT_8521	3	0.023622047
Acinetobacter_nosocomialis	PT_8523	2	0.015748031
Acinetobacter_nosocomialis	PT_8659	11	0.086614173
Acinetobacter_nosocomialis	PT_8777	2	0.015748031
Acinetobacter_nosocomialis	PT_8823	4	0.031496063
Acinetobacter_nosocomialis	PT_8881	1	0.007874016
Acinetobacter_nosocomialis	PT_8899	4	0.031496063
Acinetobacter_nosocomialis	PT_8992	1	0.007874016
Acinetobacter_nosocomialis	PT_9087	5	0.039370079
Acinetobacter_nosocomialis	PT_9174	1	0.007874016
Acinetobacter_nosocomialis	PT_9400	10	0.078740157
Acinetobacter_nosocomialis	PT_9475	1	0.007874016
Acinetobacter_oleivorans	PT_10	1	0.142857143
Acinetobacter_oleivorans	PT_12289	1	0.142857143
Acinetobacter_oleivorans	PT_23	1	0.142857143
Acinetobacter_oleivorans	PT_24656	1	0.142857143
Acinetobacter_oleivorans	PT_3057	3	0.428571429
Acinetobacter_oleivorans	PT_5914	1	0.142857143
Acinetobacter_oleivorans	PT_6740	1	0.142857143
Acinetobacter_oleivorans	PT_6791	1	0.142857143
Acinetobacter_oleivorans	PT_7607	1	0.142857143
Acinetobacter_oleivorans	PT_8315	1	0.142857143
Acinetobacter_oleivorans	PT_9400	1	0.142857143
Acinetobacter_parvus	PT_11621	1	0.333333333
Acinetobacter_parvus	PT_13129	2	0.666666667
Acinetobacter_parvus	PT_323	1	0.333333333
Acinetobacter_piscicola	PT_12368	1	0.5
Acinetobacter_piscicola	PT_12626	1	0.5
Acinetobacter_piscicola	PT_14684	1	0.5
Acinetobacter_piscicola	PT_18311	1	0.5
Acinetobacter_piscicola	PT_19079	1	0.5
Acinetobacter_piscicola	PT_2128	1	0.5
Acinetobacter_piscicola	PT_5383	1	0.5
Acinetobacter_piscicola	PT_6791	1	0.5
Acinetobacter_piscicola	PT_7245	1	0.5
Acinetobacter_piscicola	PT_7670	1	0.5
Acinetobacter_piscicola	PT_899	1	0.5
Acinetobacter_pittii	PT_10	1	0.004975124
Acinetobacter_pittii	PT_10035	2	0.009950249
Acinetobacter_pittii	PT_10124	2	0.009950249
Acinetobacter_pittii	PT_10196	1	0.004975124
Acinetobacter_pittii	PT_10298	11	0.054726368
Acinetobacter_pittii	PT_10324	1	0.004975124
Acinetobacter_pittii	PT_10540	6	0.029850746
Acinetobacter_pittii	PT_10898	36	0.179104478
Acinetobacter_pittii	PT_11229	3	0.014925373
Acinetobacter_pittii	PT_11261	12	0.059701493
Acinetobacter_pittii	PT_11388	10	0.049751244
Acinetobacter_pittii	PT_1171	2	0.009950249
Acinetobacter_pittii	PT_1208	3	0.014925373
Acinetobacter_pittii	PT_12424	1	0.004975124
Acinetobacter_pittii	PT_12904	2	0.009950249
Acinetobacter_pittii	PT_13129	1	0.004975124
Acinetobacter_pittii	PT_1365	1	0.004975124
Acinetobacter_pittii	PT_14225	8	0.039800995
Acinetobacter_pittii	PT_14988	2	0.009950249
Acinetobacter_pittii	PT_15014	7	0.034825871
Acinetobacter_pittii	PT_15022	1	0.004975124
Acinetobacter_pittii	PT_15643	1	0.004975124
Acinetobacter_pittii	PT_17275	5	0.024875622
Acinetobacter_pittii	PT_1788	3	0.014925373
Acinetobacter_pittii	PT_18922	1	0.004975124
Acinetobacter_pittii	PT_1900	1	0.004975124
Acinetobacter_pittii	PT_19463	1	0.004975124
Acinetobacter_pittii	PT_19550	1	0.004975124
Acinetobacter_pittii	PT_2115	3	0.014925373
Acinetobacter_pittii	PT_21158	1	0.004975124
Acinetobacter_pittii	PT_2116	11	0.054726368
Acinetobacter_pittii	PT_2181	1	0.004975124
Acinetobacter_pittii	PT_22335	1	0.004975124
Acinetobacter_pittii	PT_22555	4	0.019900498
Acinetobacter_pittii	PT_23218	3	0.014925373
Acinetobacter_pittii	PT_23914	1	0.004975124
Acinetobacter_pittii	PT_24656	3	0.014925373
Acinetobacter_pittii	PT_2516	7	0.034825871
Acinetobacter_pittii	PT_2767	7	0.034825871
Acinetobacter_pittii	PT_299	2	0.009950249
Acinetobacter_pittii	PT_3038	8	0.039800995
Acinetobacter_pittii	PT_3057	124	0.616915423
Acinetobacter_pittii	PT_323	2	0.009950249
Acinetobacter_pittii	PT_3758	1	0.004975124
Acinetobacter_pittii	PT_4281	27	0.134328358
Acinetobacter_pittii	PT_4389	7	0.034825871
Acinetobacter_pittii	PT_4416	2	0.009950249
Acinetobacter_pittii	PT_444	1	0.004975124
Acinetobacter_pittii	PT_4707	2	0.009950249
Acinetobacter_pittii	PT_481	2	0.009950249
Acinetobacter_pittii	PT_5063	5	0.024875622
Acinetobacter_pittii	PT_5383	1	0.004975124
Acinetobacter_pittii	PT_5914	1	0.004975124
Acinetobacter_pittii	PT_5917	3	0.014925373
Acinetobacter_pittii	PT_6244	1	0.004975124
Acinetobacter_pittii	PT_6525	5	0.024875622
Acinetobacter_pittii	PT_6604	4	0.019900498
Acinetobacter_pittii	PT_6626	1	0.004975124
Acinetobacter_pittii	PT_6740	4	0.019900498
Acinetobacter_pittii	PT_6791	2	0.009950249
Acinetobacter_pittii	PT_6792	3	0.014925373
Acinetobacter_pittii	PT_6793	3	0.014925373
Acinetobacter_pittii	PT_6794	1	0.004975124
Acinetobacter_pittii	PT_6862	1	0.004975124
Acinetobacter_pittii	PT_6980	2	0.009950249
Acinetobacter_pittii	PT_7091	1	0.004975124
Acinetobacter_pittii	PT_7118	1	0.004975124
Acinetobacter_pittii	PT_712	12	0.059701493
Acinetobacter_pittii	PT_7127	51	0.253731343
Acinetobacter_pittii	PT_7134	1	0.004975124
Acinetobacter_pittii	PT_7245	4	0.019900498
Acinetobacter_pittii	PT_7252	4	0.019900498
Acinetobacter_pittii	PT_7271	9	0.044776119
Acinetobacter_pittii	PT_7344	1	0.004975124
Acinetobacter_pittii	PT_7548	19	0.094527363
Acinetobacter_pittii	PT_7569	1	0.004975124
Acinetobacter_pittii	PT_7706	1	0.004975124
Acinetobacter_pittii	PT_7800	3	0.014925373
Acinetobacter_pittii	PT_8055	1	0.004975124
Acinetobacter_pittii	PT_8143	1	0.004975124
Acinetobacter_pittii	PT_8231	1	0.004975124
Acinetobacter_pittii	PT_8247	5	0.024875622
Acinetobacter_pittii	PT_8252	1	0.004975124
Acinetobacter_pittii	PT_8315	18	0.089552239
Acinetobacter_pittii	PT_8513	1	0.004975124
Acinetobacter_pittii	PT_8521	1	0.004975124
Acinetobacter_pittii	PT_8523	1	0.004975124
Acinetobacter_pittii	PT_8659	5	0.024875622
Acinetobacter_pittii	PT_8899	5	0.024875622
Acinetobacter_pittii	PT_8900	1	0.004975124
Acinetobacter_pittii	PT_8903	1	0.004975124
Acinetobacter_pittii	PT_8979	5	0.024875622
Acinetobacter_pittii	PT_899	1	0.004975124
Acinetobacter_pittii	PT_901	1	0.004975124
Acinetobacter_pittii	PT_9087	7	0.034825871
Acinetobacter_pittii	PT_9400	28	0.139303483
Acinetobacter_pittii	PT_9796	2	0.009950249
Acinetobacter_pittii	VT_14471	3	0.014925373
Acinetobacter_portensis	PT_11462	2	0.666666667
Acinetobacter_portensis	PT_1479	3	1
Acinetobacter_portensis	PT_6604	2	0.666666667
Acinetobacter_portensis	PT_712	3	1
Acinetobacter_proteolyticus	PT_100	1	0.5
Acinetobacter_proteolyticus	PT_11261	1	0.5
Acinetobacter_proteolyticus	PT_2297	1	0.5
Acinetobacter_proteolyticus	PT_6669	1	0.5
Acinetobacter_proteolyticus	PT_712	1	0.5
Acinetobacter_proteolyticus	PT_7127	1	0.5
Acinetobacter_pseudolwoffii	PT_10226	1	0.166666667
Acinetobacter_pseudolwoffii	PT_12388	1	0.166666667
Acinetobacter_pseudolwoffii	PT_13500	1	0.166666667
Acinetobacter_pseudolwoffii	PT_1396	1	0.166666667
Acinetobacter_pseudolwoffii	PT_14452	1	0.166666667
Acinetobacter_pseudolwoffii	PT_1587	2	0.333333333
Acinetobacter_pseudolwoffii	PT_2955	1	0.166666667
Acinetobacter_pseudolwoffii	PT_3038	1	0.166666667
Acinetobacter_pseudolwoffii	PT_5294	1	0.166666667
Acinetobacter_pseudolwoffii	PT_5914	2	0.333333333
Acinetobacter_pseudolwoffii	PT_5917	2	0.333333333
Acinetobacter_pseudolwoffii	PT_6604	2	0.333333333
Acinetobacter_pseudolwoffii	PT_7245	1	0.166666667
Acinetobacter_pseudolwoffii	PT_8313	1	0.166666667
Acinetobacter_pseudolwoffii	PT_8582	2	0.333333333
Acinetobacter_pseudolwoffii	PT_8645	1	0.166666667
Acinetobacter_pseudolwoffii	PT_8992	1	0.166666667
Acinetobacter_radioresistens	PT_10202	1	0.043478261
Acinetobacter_radioresistens	PT_10684	6	0.260869565
Acinetobacter_radioresistens	PT_11862	1	0.043478261
Acinetobacter_radioresistens	PT_12409	1	0.043478261
Acinetobacter_radioresistens	PT_12559	3	0.130434783
Acinetobacter_radioresistens	PT_13335	1	0.043478261
Acinetobacter_radioresistens	PT_15013	1	0.043478261
Acinetobacter_radioresistens	PT_15546	2	0.086956522
Acinetobacter_radioresistens	PT_16619	1	0.043478261
Acinetobacter_radioresistens	PT_19495	1	0.043478261
Acinetobacter_radioresistens	PT_2688	1	0.043478261
Acinetobacter_radioresistens	PT_3005	1	0.043478261
Acinetobacter_radioresistens	PT_3038	1	0.043478261
Acinetobacter_radioresistens	PT_3057	2	0.086956522
Acinetobacter_radioresistens	PT_3329	9	0.391304348
Acinetobacter_radioresistens	PT_3874	7	0.304347826
Acinetobacter_radioresistens	PT_4075	1	0.043478261
Acinetobacter_radioresistens	PT_4389	3	0.130434783
Acinetobacter_radioresistens	PT_4416	2	0.086956522
Acinetobacter_radioresistens	PT_5383	1	0.043478261
Acinetobacter_radioresistens	PT_5821	1	0.043478261
Acinetobacter_radioresistens	PT_5914	1	0.043478261
Acinetobacter_radioresistens	PT_5915	1	0.043478261
Acinetobacter_radioresistens	PT_5917	4	0.173913043
Acinetobacter_radioresistens	PT_5918	2	0.086956522
Acinetobacter_radioresistens	PT_6244	1	0.043478261
Acinetobacter_radioresistens	PT_6259	1	0.043478261
Acinetobacter_radioresistens	PT_6604	2	0.086956522
Acinetobacter_radioresistens	PT_6660	1	0.043478261
Acinetobacter_radioresistens	PT_712	3	0.130434783
Acinetobacter_radioresistens	PT_7134	2	0.086956522
Acinetobacter_radioresistens	PT_7186	1	0.043478261
Acinetobacter_radioresistens	PT_7297	1	0.043478261
Acinetobacter_radioresistens	PT_7574	1	0.043478261
Acinetobacter_radioresistens	PT_8143	1	0.043478261
Acinetobacter_radioresistens	PT_8315	4	0.173913043
Acinetobacter_radioresistens	PT_8521	1	0.043478261
Acinetobacter_radioresistens	PT_8645	1	0.043478261
Acinetobacter_radioresistens	PT_8670	2	0.086956522
Acinetobacter_radioresistens	PT_8900	1	0.043478261
Acinetobacter_radioresistens	PT_9087	1	0.043478261
Acinetobacter_radioresistens	PT_9400	2	0.086956522
Acinetobacter_rongchengensis	PT_10123	1	1
Acinetobacter_rongchengensis	PT_5383	1	1
Acinetobacter_rongchengensis	PT_6604	1	1
Acinetobacter_rongchengensis	PT_712	1	1
Acinetobacter_rongchengensis	PT_7607	1	1
Acinetobacter_rongchengensis	PT_8315	1	1
Acinetobacter_rongchengensis	PT_8979	1	1
Acinetobacter_rongchengensis	PT_9235	1	1
Acinetobacter_rongchengensis	PT_9427	1	1
Acinetobacter_schindleri	PT_10324	1	0.076923077
Acinetobacter_schindleri	PT_10684	3	0.230769231
Acinetobacter_schindleri	PT_10736	1	0.076923077
Acinetobacter_schindleri	PT_12853	1	0.076923077
Acinetobacter_schindleri	PT_12898	1	0.076923077
Acinetobacter_schindleri	PT_1387	1	0.076923077
Acinetobacter_schindleri	PT_1389	3	0.230769231
Acinetobacter_schindleri	PT_1396	5	0.384615385
Acinetobacter_schindleri	PT_14772	1	0.076923077
Acinetobacter_schindleri	PT_1481	1	0.076923077
Acinetobacter_schindleri	PT_15013	1	0.076923077
Acinetobacter_schindleri	PT_15643	1	0.076923077
Acinetobacter_schindleri	PT_2017	1	0.076923077
Acinetobacter_schindleri	PT_3038	2	0.153846154
Acinetobacter_schindleri	PT_3874	4	0.307692308
Acinetobacter_schindleri	PT_5383	1	0.076923077
Acinetobacter_schindleri	PT_5914	1	0.076923077
Acinetobacter_schindleri	PT_6066	1	0.076923077
Acinetobacter_schindleri	PT_6604	4	0.307692308
Acinetobacter_schindleri	PT_6605	1	0.076923077
Acinetobacter_schindleri	PT_6919	1	0.076923077
Acinetobacter_schindleri	PT_7133	1	0.076923077
Acinetobacter_schindleri	PT_7134	2	0.153846154
Acinetobacter_schindleri	PT_7270	1	0.076923077
Acinetobacter_schindleri	PT_8277	1	0.076923077
Acinetobacter_schindleri	PT_8292	1	0.076923077
Acinetobacter_schindleri	PT_8315	1	0.076923077
Acinetobacter_schindleri	PT_8428	1	0.076923077
Acinetobacter_schindleri	PT_8670	1	0.076923077
Acinetobacter_seifertii	PT_10035	2	0.051282051
Acinetobacter_seifertii	PT_10298	7	0.179487179
Acinetobacter_seifertii	PT_10898	2	0.051282051
Acinetobacter_seifertii	PT_11012	1	0.025641026
Acinetobacter_seifertii	PT_11388	2	0.051282051
Acinetobacter_seifertii	PT_1171	9	0.230769231
Acinetobacter_seifertii	PT_12126	1	0.025641026
Acinetobacter_seifertii	PT_13397	2	0.051282051
Acinetobacter_seifertii	PT_13409	1	0.025641026
Acinetobacter_seifertii	PT_14988	1	0.025641026
Acinetobacter_seifertii	PT_17275	2	0.051282051
Acinetobacter_seifertii	PT_1900	8	0.205128205
Acinetobacter_seifertii	PT_1901	3	0.076923077
Acinetobacter_seifertii	PT_19550	1	0.025641026
Acinetobacter_seifertii	PT_2116	1	0.025641026
Acinetobacter_seifertii	PT_21872	1	0.025641026
Acinetobacter_seifertii	PT_2516	26	0.666666667
Acinetobacter_seifertii	PT_3057	5	0.128205128
Acinetobacter_seifertii	PT_6069	1	0.025641026
Acinetobacter_seifertii	PT_6604	10	0.256410256
Acinetobacter_seifertii	PT_6793	2	0.051282051
Acinetobacter_seifertii	PT_6851	7	0.179487179
Acinetobacter_seifertii	PT_7127	5	0.128205128
Acinetobacter_seifertii	PT_7245	13	0.333333333
Acinetobacter_seifertii	PT_8019	1	0.025641026
Acinetobacter_seifertii	PT_8315	4	0.102564103
Acinetobacter_seifertii	PT_8659	9	0.230769231
Acinetobacter_seifertii	PT_8823	1	0.025641026
Acinetobacter_seifertii	PT_8900	1	0.025641026
Acinetobacter_septicus	PT_712	1	1
Acinetobacter_sichuanensis	PT_15546	1	1
Acinetobacter_sichuanensis	PT_5383	1	1
Acinetobacter_sichuanensis	PT_6604	1	1
Acinetobacter_sichuanensis	PT_712	1	1
Acinetobacter_sichuanensis	PT_8186	1	1
Acinetobacter_sichuanensis	PT_8513	1	1
Acinetobacter_sichuanensis	PT_9426	1	1
Acinetobacter_soli	PT_100	1	0.038461538
Acinetobacter_soli	PT_10083	1	0.038461538
Acinetobacter_soli	PT_11178	1	0.038461538
Acinetobacter_soli	PT_11269	1	0.038461538
Acinetobacter_soli	PT_1208	1	0.038461538
Acinetobacter_soli	PT_12469	1	0.038461538
Acinetobacter_soli	PT_13335	2	0.076923077
Acinetobacter_soli	PT_1401	10	0.384615385
Acinetobacter_soli	PT_1402	5	0.192307692
Acinetobacter_soli	PT_1508	1	0.038461538
Acinetobacter_soli	PT_17099	2	0.076923077
Acinetobacter_soli	PT_17279	1	0.038461538
Acinetobacter_soli	PT_22188	1	0.038461538
Acinetobacter_soli	PT_3005	2	0.076923077
Acinetobacter_soli	PT_3038	3	0.115384615
Acinetobacter_soli	PT_3572	3	0.115384615
Acinetobacter_soli	PT_3874	2	0.076923077
Acinetobacter_soli	PT_4416	1	0.038461538
Acinetobacter_soli	PT_5383	3	0.115384615
Acinetobacter_soli	PT_5914	1	0.038461538
Acinetobacter_soli	PT_5917	2	0.076923077
Acinetobacter_soli	PT_5918	5	0.192307692
Acinetobacter_soli	PT_6477	4	0.153846154
Acinetobacter_soli	PT_6604	1	0.038461538
Acinetobacter_soli	PT_6791	4	0.153846154
Acinetobacter_soli	PT_712	2	0.076923077
Acinetobacter_soli	PT_7127	2	0.076923077
Acinetobacter_soli	PT_7139	2	0.076923077
Acinetobacter_soli	PT_7341	1	0.038461538
Acinetobacter_soli	PT_8513	1	0.038461538
Acinetobacter_soli	PT_8659	1	0.038461538
Acinetobacter_soli	PT_8979	2	0.076923077
Acinetobacter_soli	PT_9087	1	0.038461538
Acinetobacter_soli	PT_9279	2	0.076923077
Acinetobacter_soli	PT_9400	4	0.153846154
Acinetobacter_sp.	PT_10	5	0.014005602
Acinetobacter_sp.	PT_10035	3	0.008403361
Acinetobacter_sp.	PT_10059	2	0.005602241
Acinetobacter_sp.	PT_10083	43	0.120448179
Acinetobacter_sp.	PT_10115	1	0.00280112
Acinetobacter_sp.	PT_10123	1	0.00280112
Acinetobacter_sp.	PT_10125	1	0.00280112
Acinetobacter_sp.	PT_10202	6	0.016806723
Acinetobacter_sp.	PT_10226	17	0.047619048
Acinetobacter_sp.	PT_10279	1	0.00280112
Acinetobacter_sp.	PT_10298	9	0.025210084
Acinetobacter_sp.	PT_10324	7	0.019607843
Acinetobacter_sp.	PT_1039	7	0.019607843
Acinetobacter_sp.	PT_10589	1	0.00280112
Acinetobacter_sp.	PT_10684	7	0.019607843
Acinetobacter_sp.	PT_10736	1	0.00280112
Acinetobacter_sp.	PT_10889	1	0.00280112
Acinetobacter_sp.	PT_10898	11	0.030812325
Acinetobacter_sp.	PT_10923	1	0.00280112
Acinetobacter_sp.	PT_11059	1	0.00280112
Acinetobacter_sp.	PT_11261	2	0.005602241
Acinetobacter_sp.	PT_11388	2	0.005602241
Acinetobacter_sp.	PT_11519	4	0.011204482
Acinetobacter_sp.	PT_11590	1	0.00280112
Acinetobacter_sp.	PT_11621	1	0.00280112
Acinetobacter_sp.	PT_1171	1	0.00280112
Acinetobacter_sp.	PT_11862	9	0.025210084
Acinetobacter_sp.	PT_1210	18	0.050420168
Acinetobacter_sp.	PT_12207	1	0.00280112
Acinetobacter_sp.	PT_12289	2	0.005602241
Acinetobacter_sp.	PT_12354	3	0.008403361
Acinetobacter_sp.	PT_12367	1	0.00280112
Acinetobacter_sp.	PT_12368	4	0.011204482
Acinetobacter_sp.	PT_12409	6	0.016806723
Acinetobacter_sp.	PT_12424	1	0.00280112
Acinetobacter_sp.	PT_12504	1	0.00280112
Acinetobacter_sp.	PT_12604	1	0.00280112
Acinetobacter_sp.	PT_12730	1	0.00280112
Acinetobacter_sp.	PT_12853	2	0.005602241
Acinetobacter_sp.	PT_12898	4	0.011204482
Acinetobacter_sp.	PT_12973	2	0.005602241
Acinetobacter_sp.	PT_13060	1	0.00280112
Acinetobacter_sp.	PT_13129	4	0.011204482
Acinetobacter_sp.	PT_13133	1	0.00280112
Acinetobacter_sp.	PT_13203	4	0.011204482
Acinetobacter_sp.	PT_13219	2	0.005602241
Acinetobacter_sp.	PT_13410	1	0.00280112
Acinetobacter_sp.	PT_13499	2	0.005602241
Acinetobacter_sp.	PT_13500	1	0.00280112
Acinetobacter_sp.	PT_13521	1	0.00280112
Acinetobacter_sp.	PT_13573	3	0.008403361
Acinetobacter_sp.	PT_1364	1	0.00280112
Acinetobacter_sp.	PT_1365	3	0.008403361
Acinetobacter_sp.	PT_1368	3	0.008403361
Acinetobacter_sp.	PT_1387	1	0.00280112
Acinetobacter_sp.	PT_1388	6	0.016806723
Acinetobacter_sp.	PT_1389	61	0.170868347
Acinetobacter_sp.	PT_1396	11	0.030812325
Acinetobacter_sp.	PT_14001	1	0.00280112
Acinetobacter_sp.	PT_1401	1	0.00280112
Acinetobacter_sp.	PT_14225	3	0.008403361
Acinetobacter_sp.	PT_14683	14	0.039215686
Acinetobacter_sp.	PT_14684	9	0.025210084
Acinetobacter_sp.	PT_14772	1	0.00280112
Acinetobacter_sp.	PT_1480	3	0.008403361
Acinetobacter_sp.	PT_1481	5	0.014005602
Acinetobacter_sp.	PT_14852	4	0.011204482
Acinetobacter_sp.	PT_14994	1	0.00280112
Acinetobacter_sp.	PT_15022	1	0.00280112
Acinetobacter_sp.	PT_15221	2	0.005602241
Acinetobacter_sp.	PT_15251	1	0.00280112
Acinetobacter_sp.	PT_15304	1	0.00280112
Acinetobacter_sp.	PT_15389	24	0.067226891
Acinetobacter_sp.	PT_15419	1	0.00280112
Acinetobacter_sp.	PT_15516	4	0.011204482
Acinetobacter_sp.	PT_15546	1	0.00280112
Acinetobacter_sp.	PT_15643	1	0.00280112
Acinetobacter_sp.	PT_15681	7	0.019607843
Acinetobacter_sp.	PT_1587	7	0.019607843
Acinetobacter_sp.	PT_15961	1	0.00280112
Acinetobacter_sp.	PT_16181	1	0.00280112
Acinetobacter_sp.	PT_1667	1	0.00280112
Acinetobacter_sp.	PT_16679	1	0.00280112
Acinetobacter_sp.	PT_1675	51	0.142857143
Acinetobacter_sp.	PT_16863	3	0.008403361
Acinetobacter_sp.	PT_16946	1	0.00280112
Acinetobacter_sp.	PT_17092	3	0.008403361
Acinetobacter_sp.	PT_17219	9	0.025210084
Acinetobacter_sp.	PT_17270	7	0.019607843
Acinetobacter_sp.	PT_17275	1	0.00280112
Acinetobacter_sp.	PT_17279	1	0.00280112
Acinetobacter_sp.	PT_17345	2	0.005602241
Acinetobacter_sp.	PT_17359	2	0.005602241
Acinetobacter_sp.	PT_17393	5	0.014005602
Acinetobacter_sp.	PT_17444	1	0.00280112
Acinetobacter_sp.	PT_1745	1	0.00280112
Acinetobacter_sp.	PT_1748	13	0.036414566
Acinetobacter_sp.	PT_17635	5	0.014005602
Acinetobacter_sp.	PT_17742	1	0.00280112
Acinetobacter_sp.	PT_17750	1	0.00280112
Acinetobacter_sp.	PT_1788	2	0.005602241
Acinetobacter_sp.	PT_18185	3	0.008403361
Acinetobacter_sp.	PT_18221	1	0.00280112
Acinetobacter_sp.	PT_18311	4	0.011204482
Acinetobacter_sp.	PT_18319	5	0.014005602
Acinetobacter_sp.	PT_18683	2	0.005602241
Acinetobacter_sp.	PT_1900	4	0.011204482
Acinetobacter_sp.	PT_19003	3	0.008403361
Acinetobacter_sp.	PT_19079	4	0.011204482
Acinetobacter_sp.	PT_19091	1	0.00280112
Acinetobacter_sp.	PT_19163	2	0.005602241
Acinetobacter_sp.	PT_19452	5	0.014005602
Acinetobacter_sp.	PT_19550	1	0.00280112
Acinetobacter_sp.	PT_20231	1	0.00280112
Acinetobacter_sp.	PT_21063	1	0.00280112
Acinetobacter_sp.	PT_21158	1	0.00280112
Acinetobacter_sp.	PT_2116	3	0.008403361
Acinetobacter_sp.	PT_21173	1	0.00280112
Acinetobacter_sp.	PT_2128	5	0.014005602
Acinetobacter_sp.	PT_21556	3	0.008403361
Acinetobacter_sp.	PT_2181	2	0.005602241
Acinetobacter_sp.	PT_21946	4	0.011204482
Acinetobacter_sp.	PT_22123	1	0.00280112
Acinetobacter_sp.	PT_22172	1	0.00280112
Acinetobacter_sp.	PT_22190	16	0.044817927
Acinetobacter_sp.	PT_22270	1	0.00280112
Acinetobacter_sp.	PT_22451	2	0.005602241
Acinetobacter_sp.	PT_22468	2	0.005602241
Acinetobacter_sp.	PT_23218	1	0.00280112
Acinetobacter_sp.	PT_23600	1	0.00280112
Acinetobacter_sp.	PT_23643	3	0.008403361
Acinetobacter_sp.	PT_24785	2	0.005602241
Acinetobacter_sp.	PT_25143	2	0.005602241
Acinetobacter_sp.	PT_2532	4	0.011204482
Acinetobacter_sp.	PT_2539	1	0.00280112
Acinetobacter_sp.	PT_25461	2	0.005602241
Acinetobacter_sp.	PT_2616	1	0.00280112
Acinetobacter_sp.	PT_2638	1	0.00280112
Acinetobacter_sp.	PT_26400	1	0.00280112
Acinetobacter_sp.	PT_2950	1	0.00280112
Acinetobacter_sp.	PT_2955	2	0.005602241
Acinetobacter_sp.	PT_299	20	0.056022409
Acinetobacter_sp.	PT_3005	1	0.00280112
Acinetobacter_sp.	PT_3038	19	0.053221289
Acinetobacter_sp.	PT_3057	22	0.06162465
Acinetobacter_sp.	PT_3148	9	0.025210084
Acinetobacter_sp.	PT_323	2	0.005602241
Acinetobacter_sp.	PT_3271	6	0.016806723
Acinetobacter_sp.	PT_3329	5	0.014005602
Acinetobacter_sp.	PT_3405	1	0.00280112
Acinetobacter_sp.	PT_3627	1	0.00280112
Acinetobacter_sp.	PT_3758	1	0.00280112
Acinetobacter_sp.	PT_3810	1	0.00280112
Acinetobacter_sp.	PT_3874	10	0.028011204
Acinetobacter_sp.	PT_3904	18	0.050420168
Acinetobacter_sp.	PT_3905	4	0.011204482
Acinetobacter_sp.	PT_393	4	0.011204482
Acinetobacter_sp.	PT_4141	1	0.00280112
Acinetobacter_sp.	PT_4389	2	0.005602241
Acinetobacter_sp.	PT_4416	11	0.030812325
Acinetobacter_sp.	PT_4417	1	0.00280112
Acinetobacter_sp.	PT_4462	28	0.078431373
Acinetobacter_sp.	PT_447	3	0.008403361
Acinetobacter_sp.	PT_481	10	0.028011204
Acinetobacter_sp.	PT_4860	1	0.00280112
Acinetobacter_sp.	PT_4932	2	0.005602241
Acinetobacter_sp.	PT_5045	1	0.00280112
Acinetobacter_sp.	PT_5294	3	0.008403361
Acinetobacter_sp.	PT_5383	23	0.06442577
Acinetobacter_sp.	PT_5396	1	0.00280112
Acinetobacter_sp.	PT_5454	1	0.00280112
Acinetobacter_sp.	PT_5503	1	0.00280112
Acinetobacter_sp.	PT_5532	1	0.00280112
Acinetobacter_sp.	PT_5711	1	0.00280112
Acinetobacter_sp.	PT_5738	5	0.014005602
Acinetobacter_sp.	PT_5914	89	0.24929972
Acinetobacter_sp.	PT_5915	1	0.00280112
Acinetobacter_sp.	PT_5917	17	0.047619048
Acinetobacter_sp.	PT_5918	31	0.086834734
Acinetobacter_sp.	PT_5968	1	0.00280112
Acinetobacter_sp.	PT_6066	1	0.00280112
Acinetobacter_sp.	PT_6179	2	0.005602241
Acinetobacter_sp.	PT_6244	4	0.011204482
Acinetobacter_sp.	PT_6395	1	0.00280112
Acinetobacter_sp.	PT_6402	1	0.00280112
Acinetobacter_sp.	PT_6406	2	0.005602241
Acinetobacter_sp.	PT_6502	2	0.005602241
Acinetobacter_sp.	PT_6507	4	0.011204482
Acinetobacter_sp.	PT_6524	2	0.005602241
Acinetobacter_sp.	PT_6525	1	0.00280112
Acinetobacter_sp.	PT_6563	1	0.00280112
Acinetobacter_sp.	PT_6604	74	0.207282913
Acinetobacter_sp.	PT_6605	2	0.005602241
Acinetobacter_sp.	PT_6708	2	0.005602241
Acinetobacter_sp.	PT_6740	4	0.011204482
Acinetobacter_sp.	PT_6791	2	0.005602241
Acinetobacter_sp.	PT_6792	2	0.005602241
Acinetobacter_sp.	PT_6793	3	0.008403361
Acinetobacter_sp.	PT_6815	1	0.00280112
Acinetobacter_sp.	PT_6842	1	0.00280112
Acinetobacter_sp.	PT_6852	1	0.00280112
Acinetobacter_sp.	PT_6862	1	0.00280112
Acinetobacter_sp.	PT_6908	3	0.008403361
Acinetobacter_sp.	PT_6916	2	0.005602241
Acinetobacter_sp.	PT_6919	2	0.005602241
Acinetobacter_sp.	PT_6980	1	0.00280112
Acinetobacter_sp.	PT_6988	1	0.00280112
Acinetobacter_sp.	PT_7022	1	0.00280112
Acinetobacter_sp.	PT_7065	2	0.005602241
Acinetobacter_sp.	PT_7111	10	0.028011204
Acinetobacter_sp.	PT_712	18	0.050420168
Acinetobacter_sp.	PT_7122	1	0.00280112
Acinetobacter_sp.	PT_7127	4	0.011204482
Acinetobacter_sp.	PT_7133	5	0.014005602
Acinetobacter_sp.	PT_7134	4	0.011204482
Acinetobacter_sp.	PT_7168	1	0.00280112
Acinetobacter_sp.	PT_7177	1	0.00280112
Acinetobacter_sp.	PT_7194	2	0.005602241
Acinetobacter_sp.	PT_7245	19	0.053221289
Acinetobacter_sp.	PT_7247	1	0.00280112
Acinetobacter_sp.	PT_7260	3	0.008403361
Acinetobacter_sp.	PT_7270	5	0.014005602
Acinetobacter_sp.	PT_7297	1	0.00280112
Acinetobacter_sp.	PT_7341	1	0.00280112
Acinetobacter_sp.	PT_7344	2	0.005602241
Acinetobacter_sp.	PT_7372	1	0.00280112
Acinetobacter_sp.	PT_7383	2	0.005602241
Acinetobacter_sp.	PT_7438	2	0.005602241
Acinetobacter_sp.	PT_7450	1	0.00280112
Acinetobacter_sp.	PT_7541	18	0.050420168
Acinetobacter_sp.	PT_7548	1	0.00280112
Acinetobacter_sp.	PT_7607	28	0.078431373
Acinetobacter_sp.	PT_7670	4	0.011204482
Acinetobacter_sp.	PT_7706	9	0.025210084
Acinetobacter_sp.	PT_7756	3	0.008403361
Acinetobacter_sp.	PT_7781	16	0.044817927
Acinetobacter_sp.	PT_7800	13	0.036414566
Acinetobacter_sp.	PT_7832	2	0.005602241
Acinetobacter_sp.	PT_7842	4	0.011204482
Acinetobacter_sp.	PT_7875	40	0.112044818
Acinetobacter_sp.	PT_7890	1	0.00280112
Acinetobacter_sp.	PT_7996	2	0.005602241
Acinetobacter_sp.	PT_8000	11	0.030812325
Acinetobacter_sp.	PT_8055	1	0.00280112
Acinetobacter_sp.	PT_8074	1	0.00280112
Acinetobacter_sp.	PT_8158	3	0.008403361
Acinetobacter_sp.	PT_8185	28	0.078431373
Acinetobacter_sp.	PT_8186	5	0.014005602
Acinetobacter_sp.	PT_8206	1	0.00280112
Acinetobacter_sp.	PT_8227	2	0.005602241
Acinetobacter_sp.	PT_8231	2	0.005602241
Acinetobacter_sp.	PT_8247	4	0.011204482
Acinetobacter_sp.	PT_8249	14	0.039215686
Acinetobacter_sp.	PT_8284	2	0.005602241
Acinetobacter_sp.	PT_8292	4	0.011204482
Acinetobacter_sp.	PT_8298	1	0.00280112
Acinetobacter_sp.	PT_8313	2	0.005602241
Acinetobacter_sp.	PT_8314	1	0.00280112
Acinetobacter_sp.	PT_8315	5	0.014005602
Acinetobacter_sp.	PT_8321	1	0.00280112
Acinetobacter_sp.	PT_8480	1	0.00280112
Acinetobacter_sp.	PT_8513	6	0.016806723
Acinetobacter_sp.	PT_8521	1	0.00280112
Acinetobacter_sp.	PT_8562	2	0.005602241
Acinetobacter_sp.	PT_8604	1	0.00280112
Acinetobacter_sp.	PT_8622	1	0.00280112
Acinetobacter_sp.	PT_8645	47	0.131652661
Acinetobacter_sp.	PT_8659	10	0.028011204
Acinetobacter_sp.	PT_8780	15	0.042016807
Acinetobacter_sp.	PT_8823	9	0.025210084
Acinetobacter_sp.	PT_8839	1	0.00280112
Acinetobacter_sp.	PT_8881	1	0.00280112
Acinetobacter_sp.	PT_8899	9	0.025210084
Acinetobacter_sp.	PT_8903	2	0.005602241
Acinetobacter_sp.	PT_8979	3	0.008403361
Acinetobacter_sp.	PT_899	25	0.070028011
Acinetobacter_sp.	PT_9005	2	0.005602241
Acinetobacter_sp.	PT_901	25	0.070028011
Acinetobacter_sp.	PT_9021	6	0.016806723
Acinetobacter_sp.	PT_9087	9	0.025210084
Acinetobacter_sp.	PT_9189	2	0.005602241
Acinetobacter_sp.	PT_9235	1	0.00280112
Acinetobacter_sp.	PT_9278	16	0.044817927
Acinetobacter_sp.	PT_9343	3	0.008403361
Acinetobacter_sp.	PT_9388	21	0.058823529
Acinetobacter_sp.	PT_9400	9	0.025210084
Acinetobacter_sp.	PT_9426	6	0.016806723
Acinetobacter_sp.	PT_9427	2	0.005602241
Acinetobacter_sp.	PT_9690	12	0.033613445
Acinetobacter_sp.	PT_9796	4	0.011204482
Acinetobacter_sp.	PT_996	6	0.016806723
Acinetobacter_sp.	PT_997	8	0.022408964
Acinetobacter_sp.	VT_14471	4	0.011204482
Acinetobacter_tandoii	PT_10684	1	0.5
Acinetobacter_tandoii	PT_17300	1	0.5
Acinetobacter_tandoii	PT_8315	1	0.5
Acinetobacter_tandoii	PT_8659	1	0.5
Acinetobacter_tandoii	PT_998	1	0.5
Acinetobacter_terrae	PT_10298	1	0.333333333
Acinetobacter_terrae	PT_11862	1	0.333333333
Acinetobacter_terrae	PT_9400	2	0.666666667
Acinetobacter_terrestris	PT_11862	1	0.166666667
Acinetobacter_terrestris	PT_12424	2	0.333333333
Acinetobacter_terrestris	PT_3874	1	0.166666667
Acinetobacter_terrestris	PT_4389	1	0.166666667
Acinetobacter_terrestris	PT_5917	1	0.166666667
Acinetobacter_terrestris	PT_5918	1	0.166666667
Acinetobacter_terrestris	PT_6604	1	0.166666667
Acinetobacter_terrestris	PT_899	1	0.166666667
Acinetobacter_terrestris	PT_9400	1	0.166666667
Acinetobacter_tianfuensis	PT_10324	1	1
Acinetobacter_tianfuensis	PT_13060	1	1
Acinetobacter_tianfuensis	PT_6507	1	1
Acinetobacter_tianfuensis	PT_7270	1	1
Acinetobacter_tianfuensis	PT_7344	1	1
Acinetobacter_tianfuensis	PT_9400	1	1
Acinetobacter_tianfuensis	PT_9427	1	1
Acinetobacter_tibetensis	PT_12615	1	1
Acinetobacter_towneri	PT_10298	1	0.045454545
Acinetobacter_towneri	PT_10324	1	0.045454545
Acinetobacter_towneri	PT_1480	1	0.045454545
Acinetobacter_towneri	PT_1675	7	0.318181818
Acinetobacter_towneri	PT_17092	1	0.045454545
Acinetobacter_towneri	PT_2554	2	0.090909091
Acinetobacter_towneri	PT_299	1	0.045454545
Acinetobacter_towneri	PT_3148	8	0.363636364
Acinetobacter_towneri	PT_3342	1	0.045454545
Acinetobacter_towneri	PT_4462	2	0.090909091
Acinetobacter_towneri	PT_481	2	0.090909091
Acinetobacter_towneri	PT_4860	1	0.045454545
Acinetobacter_towneri	PT_5532	1	0.045454545
Acinetobacter_towneri	PT_5914	11	0.5
Acinetobacter_towneri	PT_6604	1	0.045454545
Acinetobacter_towneri	PT_6980	1	0.045454545
Acinetobacter_towneri	PT_7245	1	0.045454545
Acinetobacter_towneri	PT_7260	1	0.045454545
Acinetobacter_towneri	PT_8185	1	0.045454545
Acinetobacter_towneri	PT_8513	8	0.363636364
Acinetobacter_towneri	PT_8645	1	0.045454545
Acinetobacter_towneri	PT_8823	1	0.045454545
Acinetobacter_towneri	PT_9400	1	0.045454545
Acinetobacter_ursingii	PT_10083	1	0.021276596
Acinetobacter_ursingii	PT_10196	1	0.021276596
Acinetobacter_ursingii	PT_10298	6	0.127659574
Acinetobacter_ursingii	PT_11261	1	0.021276596
Acinetobacter_ursingii	PT_11388	1	0.021276596
Acinetobacter_ursingii	PT_11519	1	0.021276596
Acinetobacter_ursingii	PT_1208	1	0.021276596
Acinetobacter_ursingii	PT_12984	1	0.021276596
Acinetobacter_ursingii	PT_13060	1	0.021276596
Acinetobacter_ursingii	PT_13129	2	0.042553191
Acinetobacter_ursingii	PT_13229	2	0.042553191
Acinetobacter_ursingii	PT_1402	1	0.021276596
Acinetobacter_ursingii	PT_14176	1	0.021276596
Acinetobacter_ursingii	PT_14191	1	0.021276596
Acinetobacter_ursingii	PT_1481	1	0.021276596
Acinetobacter_ursingii	PT_1508	3	0.063829787
Acinetobacter_ursingii	PT_15563	5	0.106382979
Acinetobacter_ursingii	PT_1748	1	0.021276596
Acinetobacter_ursingii	PT_19550	2	0.042553191
Acinetobacter_ursingii	PT_20853	17	0.361702128
Acinetobacter_ursingii	PT_2532	5	0.106382979
Acinetobacter_ursingii	PT_3005	25	0.531914894
Acinetobacter_ursingii	PT_323	1	0.021276596
Acinetobacter_ursingii	PT_3680	12	0.255319149
Acinetobacter_ursingii	PT_385	1	0.021276596
Acinetobacter_ursingii	PT_4389	1	0.021276596
Acinetobacter_ursingii	PT_4416	2	0.042553191
Acinetobacter_ursingii	PT_5383	9	0.191489362
Acinetobacter_ursingii	PT_5914	3	0.063829787
Acinetobacter_ursingii	PT_5918	1	0.021276596
Acinetobacter_ursingii	PT_7113	1	0.021276596
Acinetobacter_ursingii	PT_712	9	0.191489362
Acinetobacter_ursingii	PT_7127	5	0.106382979
Acinetobacter_ursingii	PT_7245	2	0.042553191
Acinetobacter_ursingii	PT_7341	2	0.042553191
Acinetobacter_ursingii	PT_7607	2	0.042553191
Acinetobacter_ursingii	PT_7714	3	0.063829787
Acinetobacter_ursingii	PT_7754	2	0.042553191
Acinetobacter_ursingii	PT_7996	1	0.021276596
Acinetobacter_ursingii	PT_8102	3	0.063829787
Acinetobacter_ursingii	PT_8231	2	0.042553191
Acinetobacter_ursingii	PT_8247	2	0.042553191
Acinetobacter_ursingii	PT_8513	1	0.021276596
Acinetobacter_ursingii	PT_8659	3	0.063829787
Acinetobacter_ursingii	PT_8777	2	0.042553191
Acinetobacter_ursingii	PT_8839	1	0.021276596
Acinetobacter_ursingii	PT_8881	1	0.021276596
Acinetobacter_ursingii	PT_8900	1	0.021276596
Acinetobacter_ursingii	PT_8979	3	0.063829787
Acinetobacter_ursingii	PT_9087	1	0.021276596
Acinetobacter_ursingii	PT_9235	1	0.021276596
Acinetobacter_ursingii	PT_9388	1	0.021276596
Acinetobacter_ursingii	PT_9400	13	0.276595745
Acinetobacter_ursingii	PT_9426	1	0.021276596
Acinetobacter_ursingii	PT_9427	2	0.042553191
Acinetobacter_ursingii	PT_9796	1	0.021276596
Acinetobacter_ursingii	PT_997	1	0.021276596
Acinetobacter_variabilis	PT_10035	2	0.25
Acinetobacter_variabilis	PT_12351	1	0.125
Acinetobacter_variabilis	PT_12591	2	0.25
Acinetobacter_variabilis	PT_13499	1	0.125
Acinetobacter_variabilis	PT_13512	1	0.125
Acinetobacter_variabilis	PT_1396	7	0.875
Acinetobacter_variabilis	PT_15014	2	0.25
Acinetobacter_variabilis	PT_15022	1	0.125
Acinetobacter_variabilis	PT_1562	1	0.125
Acinetobacter_variabilis	PT_15643	1	0.125
Acinetobacter_variabilis	PT_16317	1	0.125
Acinetobacter_variabilis	PT_1683	1	0.125
Acinetobacter_variabilis	PT_17091	1	0.125
Acinetobacter_variabilis	PT_17742	1	0.125
Acinetobacter_variabilis	PT_2230	1	0.125
Acinetobacter_variabilis	PT_23995	1	0.125
Acinetobacter_variabilis	PT_5918	1	0.125
Acinetobacter_variabilis	PT_6244	1	0.125
Acinetobacter_variabilis	PT_712	1	0.125
Acinetobacter_variabilis	PT_7134	1	0.125
Acinetobacter_variabilis	PT_7297	1	0.125
Acinetobacter_variabilis	PT_7895	1	0.125
Acinetobacter_variabilis	PT_8292	1	0.125
Acinetobacter_variabilis	PT_8582	2	0.25
Acinetobacter_variabilis	PT_9235	1	0.125
Acinetobacter_venetianus	PT_10298	2	0.4
Acinetobacter_venetianus	PT_1388	1	0.2
Acinetobacter_venetianus	PT_481	1	0.2
Acinetobacter_venetianus	PT_6568	1	0.2
Acinetobacter_venetianus	PT_6626	1	0.2
Acinetobacter_venetianus	PT_6792	1	0.2
Acinetobacter_venetianus	PT_6980	1	0.2
Acinetobacter_wuhouensis	PT_10059	1	0.25
Acinetobacter_wuhouensis	PT_13133	1	0.25
Acinetobacter_wuhouensis	PT_13573	1	0.25
Acinetobacter_wuhouensis	PT_14191	1	0.25
Acinetobacter_wuhouensis	PT_15068	1	0.25
Acinetobacter_wuhouensis	PT_15681	1	0.25
Acinetobacter_wuhouensis	PT_1748	1	0.25
Acinetobacter_wuhouensis	PT_22170	1	0.25
Acinetobacter_wuhouensis	PT_25251	1	0.25
Acinetobacter_wuhouensis	PT_25461	1	0.25
Acinetobacter_wuhouensis	PT_2767	1	0.25
Acinetobacter_wuhouensis	PT_4416	2	0.5
Acinetobacter_wuhouensis	PT_5383	1	0.25
Acinetobacter_wuhouensis	PT_5503	1	0.25
Acinetobacter_wuhouensis	PT_5532	1	0.25
Acinetobacter_wuhouensis	PT_5751	1	0.25
Acinetobacter_wuhouensis	PT_5914	1	0.25
Acinetobacter_wuhouensis	PT_6604	1	0.25
Acinetobacter_wuhouensis	PT_6605	1	0.25
Acinetobacter_wuhouensis	PT_7041	1	0.25
Acinetobacter_wuhouensis	PT_712	1	0.25
Acinetobacter_wuhouensis	PT_7270	1	0.25
Acinetobacter_wuhouensis	PT_8315	1	0.25
Acinetobacter_wuhouensis	PT_8561	1	0.25
Acinetobacter_wuhouensis	PT_8646	1	0.25
Acinetobacter_wuhouensis	PT_8659	1	0.25
Acinetobacter_wuhouensis	PT_8690	1	0.25
Acinetobacter_wuhouensis	PT_901	1	0.25
Acinetobacter_wuhouensis	PT_9400	1	0.25
Acinetobacter_wuhouensis	PT_9427	1	0.25